Nombre,Date,year,MM-DD
1,2018-10-26,2018,2000-10-26
1,2018-10-26,2018,2000-10-26
1,2018-10-26,2018,2000-10-26
1,2018-10-26,2018,2000-10-26
1,2018-10-26,2018,2000-10-26
1,2018-10-26,2018,2000-10-26
1,2018-10-26,2018,2000-10-26
1,2018-10-26,2018,2000-10-26
1,2018-10-26,2018,2000-10-26
1,2018-10-26,2018,2000-10-26
1,2018-10-26,2018,2000-10-26
1,2018-10-26,2018,2000-10-26
1,2018-10-26,2018,2000-10-26
1,2018-10-26,2018,2000-10-26
1,2018-10-26,2018,2000-10-26
1,2018-10-26,2018,2000-10-26
1,2018-10-26,2018,2000-10-26
1,2018-10-26,2018,2000-10-26
1,2018-10-26,2018,2000-10-26
1,2018-10-26,2018,2000-10-26
1,2018-10-19,2018,2000-10-19
1,2018-10-19,2018,2000-10-19
1,2018-10-19,2018,2000-10-19
1,2018-10-19,2018,2000-10-19
1,2018-10-19,2018,2000-10-19
1,2018-10-19,2018,2000-10-19
1,2018-10-19,2018,2000-10-19
1,2018-10-19,2018,2000-10-19
1,2018-10-19,2018,2000-10-19
1,2018-10-19,2018,2000-10-19
1,2018-10-19,2018,2000-10-19
1,2018-10-19,2018,2000-10-19
1,2018-10-19,2018,2000-10-19
1,2018-10-19,2018,2000-10-19
1,2018-10-19,2018,2000-10-19
1,2018-10-19,2018,2000-10-19
1,2018-10-19,2018,2000-10-19
1,2018-10-19,2018,2000-10-19
1,2018-10-19,2018,2000-10-19
1,2018-10-19,2018,2000-10-19
1,2018-11-10,2018,2000-11-10
1,2018-11-10,2018,2000-11-10
1,2018-11-10,2018,2000-11-10
1,2018-11-10,2018,2000-11-10
1,2018-11-10,2018,2000-11-10
1,2018-11-10,2018,2000-11-10
1,2018-11-10,2018,2000-11-10
1,2018-11-10,2018,2000-11-10
1,2018-11-10,2018,2000-11-10
1,2018-11-10,2018,2000-11-10
1,2018-11-10,2018,2000-11-10
1,2018-11-10,2018,2000-11-10
1,2018-11-10,2018,2000-11-10
1,2018-11-10,2018,2000-11-10
1,2018-11-10,2018,2000-11-10
1,2018-09-10,2018,2000-09-10
1,2018-09-10,2018,2000-09-10
1,2018-09-10,2018,2000-09-10
1,2018-09-10,2018,2000-09-10
1,2018-09-10,2018,2000-09-10
1,2018-09-10,2018,2000-09-10
1,2018-09-10,2018,2000-09-10
1,2018-09-10,2018,2000-09-10
1,2018-09-10,2018,2000-09-10
1,2018-09-10,2018,2000-09-10
1,2018-09-10,2018,2000-09-10
1,2018-09-10,2018,2000-09-10
1,2018-09-10,2018,2000-09-10
1,2018-09-10,2018,2000-09-10
1,2018-09-10,2018,2000-09-10
1,2018-09-10,2018,2000-09-10
1,2018-09-10,2018,2000-09-10
1,2018-09-10,2018,2000-09-10
1,2018-09-10,2018,2000-09-10
1,2018-09-10,2018,2000-09-10
1,2018-09-10,2018,2000-09-10
1,2018-09-10,2018,2000-09-10
1,2018-09-10,2018,2000-09-10
1,2018-09-10,2018,2000-09-10
1,2018-09-10,2018,2000-09-10
1,2018-09-10,2018,2000-09-10
1,2018-09-10,2018,2000-09-10
1,2018-09-10,2018,2000-09-10
1,2018-09-10,2018,2000-09-10
1,2018-09-10,2018,2000-09-10
1,2018-09-10,2018,2000-09-10
1,2018-09-10,2018,2000-09-10
1,2018-09-10,2018,2000-09-10
1,2018-09-10,2018,2000-09-10
1,2018-09-10,2018,2000-09-10
1,2018-09-10,2018,2000-09-10
1,2018-09-10,2018,2000-09-10
1,2018-09-10,2018,2000-09-10
1,2018-09-10,2018,2000-09-10
1,2018-09-10,2018,2000-09-10
1,2018-09-10,2018,2000-09-10
1,2018-09-10,2018,2000-09-10
1,2018-09-10,2018,2000-09-10
1,2018-09-10,2018,2000-09-10
1,2018-09-10,2018,2000-09-10
1,2018-09-10,2018,2000-09-10
1,2018-09-10,2018,2000-09-10
1,2018-09-10,2018,2000-09-10
1,2018-09-10,2018,2000-09-10
1,2018-04-10,2018,2000-04-10
1,2018-04-10,2018,2000-04-10
1,2018-04-10,2018,2000-04-10
1,2018-04-10,2018,2000-04-10
1,2018-04-10,2018,2000-04-10
1,2018-04-10,2018,2000-04-10
1,2018-04-10,2018,2000-04-10
1,2018-04-10,2018,2000-04-10
1,2018-04-10,2018,2000-04-10
1,2018-04-10,2018,2000-04-10
1,2018-04-10,2018,2000-04-10
1,2018-04-10,2018,2000-04-10
1,2018-04-10,2018,2000-04-10
1,2018-04-10,2018,2000-04-10
1,2018-04-10,2018,2000-04-10
1,2018-04-10,2018,2000-04-10
1,2018-04-10,2018,2000-04-10
1,2018-04-10,2018,2000-04-10
1,2018-04-10,2018,2000-04-10
1,2018-04-10,2018,2000-04-10
1,2018-04-10,2018,2000-04-10
1,2018-04-10,2018,2000-04-10
1,2018-04-10,2018,2000-04-10
1,2018-04-10,2018,2000-04-10
1,2018-04-10,2018,2000-04-10
1,2018-04-10,2018,2000-04-10
1,2018-04-10,2018,2000-04-10
1,2018-04-10,2018,2000-04-10
1,2018-04-10,2018,2000-04-10
1,2018-04-10,2018,2000-04-10
1,2018-09-29,2018,2000-09-29
1,2018-09-29,2018,2000-09-29
1,2018-09-29,2018,2000-09-29
1,2018-09-29,2018,2000-09-29
1,2018-09-29,2018,2000-09-29
1,2018-09-29,2018,2000-09-29
1,2018-09-29,2018,2000-09-29
1,2018-09-29,2018,2000-09-29
1,2018-09-29,2018,2000-09-29
1,2018-09-29,2018,2000-09-29
1,2018-09-29,2018,2000-09-29
1,2018-09-29,2018,2000-09-29
1,2018-09-29,2018,2000-09-29
1,2018-09-29,2018,2000-09-29
1,2018-09-29,2018,2000-09-29
1,2018-09-29,2018,2000-09-29
1,2018-09-29,2018,2000-09-29
1,2018-09-29,2018,2000-09-29
1,2018-09-29,2018,2000-09-29
1,2018-09-29,2018,2000-09-29
1,2018-09-29,2018,2000-09-29
1,2018-09-29,2018,2000-09-29
1,2018-09-29,2018,2000-09-29
1,2018-09-29,2018,2000-09-29
1,2018-09-29,2018,2000-09-29
1,2018-09-29,2018,2000-09-29
1,2018-09-29,2018,2000-09-29
1,2018-09-29,2018,2000-09-29
1,2018-09-29,2018,2000-09-29
1,2018-09-29,2018,2000-09-29
1,2018-09-29,2018,2000-09-29
1,2018-09-29,2018,2000-09-29
1,2018-09-29,2018,2000-09-29
1,2018-09-29,2018,2000-09-29
1,2018-09-29,2018,2000-09-29
1,2018-09-29,2018,2000-09-29
1,2018-09-29,2018,2000-09-29
1,2018-09-29,2018,2000-09-29
1,2018-09-29,2018,2000-09-29
1,2018-09-29,2018,2000-09-29
1,2018-09-29,2018,2000-09-29
1,2018-09-29,2018,2000-09-29
1,2018-09-29,2018,2000-09-29
1,2018-09-29,2018,2000-09-29
1,2018-09-29,2018,2000-09-29
1,2018-09-29,2018,2000-09-29
1,2018-09-29,2018,2000-09-29
1,2018-09-29,2018,2000-09-29
1,2018-09-29,2018,2000-09-29
1,2018-09-29,2018,2000-09-29
1,2018-09-29,2018,2000-09-29
1,2018-09-29,2018,2000-09-29
1,2018-09-29,2018,2000-09-29
1,2018-09-29,2018,2000-09-29
1,2018-09-29,2018,2000-09-29
1,2018-09-29,2018,2000-09-29
1,2018-09-29,2018,2000-09-29
1,2018-09-29,2018,2000-09-29
1,2018-09-29,2018,2000-09-29
1,2018-09-29,2018,2000-09-29
1,2018-09-29,2018,2000-09-29
1,2018-09-29,2018,2000-09-29
1,2018-09-29,2018,2000-09-29
1,2018-09-29,2018,2000-09-29
1,2018-09-29,2018,2000-09-29
1,2018-09-29,2018,2000-09-29
1,2018-09-29,2018,2000-09-29
1,2018-09-29,2018,2000-09-29
1,2018-09-29,2018,2000-09-29
1,2018-09-29,2018,2000-09-29
1,2018-09-29,2018,2000-09-29
1,2018-09-29,2018,2000-09-29
1,2018-09-29,2018,2000-09-29
1,2018-09-29,2018,2000-09-29
1,2018-09-29,2018,2000-09-29
1,2018-09-29,2018,2000-09-29
1,2018-09-29,2018,2000-09-29
1,2018-09-29,2018,2000-09-29
1,2018-09-29,2018,2000-09-29
1,2018-09-29,2018,2000-09-29
1,2018-09-28,2018,2000-09-28
1,2018-09-28,2018,2000-09-28
1,2018-09-28,2018,2000-09-28
1,2018-09-28,2018,2000-09-28
1,2018-09-28,2018,2000-09-28
1,2018-09-28,2018,2000-09-28
1,2018-09-28,2018,2000-09-28
1,2018-09-28,2018,2000-09-28
1,2018-09-28,2018,2000-09-28
1,2018-09-28,2018,2000-09-28
1,2018-09-28,2018,2000-09-28
1,2018-09-28,2018,2000-09-28
1,2018-09-28,2018,2000-09-28
1,2018-09-28,2018,2000-09-28
1,2018-09-28,2018,2000-09-28
1,2018-09-28,2018,2000-09-28
1,2018-09-28,2018,2000-09-28
1,2018-09-28,2018,2000-09-28
1,2018-09-28,2018,2000-09-28
1,2018-09-28,2018,2000-09-28
1,2018-09-28,2018,2000-09-28
1,2018-09-28,2018,2000-09-28
1,2018-09-28,2018,2000-09-28
1,2018-09-28,2018,2000-09-28
1,2018-09-28,2018,2000-09-28
1,2018-09-28,2018,2000-09-28
1,2018-09-28,2018,2000-09-28
1,2018-09-28,2018,2000-09-28
1,2018-09-28,2018,2000-09-28
1,2018-09-28,2018,2000-09-28
1,2018-09-28,2018,2000-09-28
1,2018-09-28,2018,2000-09-28
1,2018-09-28,2018,2000-09-28
1,2018-09-28,2018,2000-09-28
1,2018-09-28,2018,2000-09-28
1,2018-09-28,2018,2000-09-28
1,2018-09-28,2018,2000-09-28
1,2018-09-28,2018,2000-09-28
1,2018-09-28,2018,2000-09-28
1,2018-09-28,2018,2000-09-28
1,2018-09-27,2018,2000-09-27
1,2018-09-27,2018,2000-09-27
1,2018-09-27,2018,2000-09-27
1,2018-09-27,2018,2000-09-27
1,2018-09-27,2018,2000-09-27
1,2018-09-27,2018,2000-09-27
1,2018-09-27,2018,2000-09-27
1,2018-09-27,2018,2000-09-27
1,2018-09-27,2018,2000-09-27
1,2018-09-27,2018,2000-09-27
1,2018-09-27,2018,2000-09-27
1,2018-09-27,2018,2000-09-27
1,2018-09-17,2018,2000-09-17
1,2018-09-17,2018,2000-09-17
1,2018-09-17,2018,2000-09-17
1,2018-09-17,2018,2000-09-17
1,2018-09-17,2018,2000-09-17
1,2018-09-17,2018,2000-09-17
1,2018-09-17,2018,2000-09-17
1,2018-09-17,2018,2000-09-17
1,2018-09-17,2018,2000-09-17
1,2018-09-17,2018,2000-09-17
1,2018-09-17,2018,2000-09-17
1,2018-09-17,2018,2000-09-17
1,2018-09-17,2018,2000-09-17
1,2018-09-17,2018,2000-09-17
1,2018-09-17,2018,2000-09-17
1,2018-09-17,2018,2000-09-17
1,2018-09-17,2018,2000-09-17
1,2018-09-17,2018,2000-09-17
1,2018-09-17,2018,2000-09-17
1,2018-09-17,2018,2000-09-17
1,2018-09-13,2018,2000-09-13
1,2018-09-13,2018,2000-09-13
1,2018-09-13,2018,2000-09-13
1,2018-09-13,2018,2000-09-13
1,2018-09-13,2018,2000-09-13
1,2018-09-13,2018,2000-09-13
1,2018-09-13,2018,2000-09-13
1,2018-09-13,2018,2000-09-13
1,2018-09-13,2018,2000-09-13
1,2018-09-13,2018,2000-09-13
1,2018-09-13,2018,2000-09-13
1,2018-09-13,2018,2000-09-13
1,2018-09-13,2018,2000-09-13
1,2018-09-13,2018,2000-09-13
1,2018-09-13,2018,2000-09-13
1,2018-09-13,2018,2000-09-13
1,2018-09-13,2018,2000-09-13
1,2018-09-13,2018,2000-09-13
1,2018-09-13,2018,2000-09-13
1,2018-09-13,2018,2000-09-13
1,2018-09-13,2018,2000-09-13
1,2018-09-13,2018,2000-09-13
1,2018-09-13,2018,2000-09-13
1,2018-11-09,2018,2000-11-09
1,2018-11-09,2018,2000-11-09
1,2018-11-09,2018,2000-11-09
1,2018-11-09,2018,2000-11-09
1,2018-11-09,2018,2000-11-09
1,2018-11-09,2018,2000-11-09
1,2018-11-09,2018,2000-11-09
1,2018-11-09,2018,2000-11-09
1,2018-11-09,2018,2000-11-09
1,2018-11-09,2018,2000-11-09
1,2018-11-09,2018,2000-11-09
1,2018-11-09,2018,2000-11-09
1,2018-11-09,2018,2000-11-09
1,2018-11-09,2018,2000-11-09
1,2018-11-09,2018,2000-11-09
1,2018-11-09,2018,2000-11-09
1,2018-11-09,2018,2000-11-09
1,2018-11-09,2018,2000-11-09
1,2018-11-09,2018,2000-11-09
1,2018-11-09,2018,2000-11-09
1,2018-11-09,2018,2000-11-09
1,2018-11-09,2018,2000-11-09
1,2018-11-09,2018,2000-11-09
1,2018-11-09,2018,2000-11-09
1,2018-11-09,2018,2000-11-09
1,2018-11-09,2018,2000-11-09
1,2018-11-09,2018,2000-11-09
1,2018-11-09,2018,2000-11-09
1,2018-11-09,2018,2000-11-09
1,2018-11-09,2018,2000-11-09
1,2018-11-09,2018,2000-11-09
1,2018-11-09,2018,2000-11-09
1,2018-11-09,2018,2000-11-09
1,2018-11-09,2018,2000-11-09
1,2018-11-09,2018,2000-11-09
1,2018-11-09,2018,2000-11-09
1,2018-11-09,2018,2000-11-09
1,2018-11-09,2018,2000-11-09
1,2018-11-09,2018,2000-11-09
1,2018-11-09,2018,2000-11-09
1,2018-11-09,2018,2000-11-09
1,2018-11-09,2018,2000-11-09
1,2018-11-09,2018,2000-11-09
1,2018-11-09,2018,2000-11-09
1,2018-11-09,2018,2000-11-09
1,2018-11-09,2018,2000-11-09
1,2018-11-09,2018,2000-11-09
1,2018-11-09,2018,2000-11-09
1,2018-11-09,2018,2000-11-09
1,2018-11-09,2018,2000-11-09
1,2018-11-09,2018,2000-11-09
1,2018-11-09,2018,2000-11-09
1,2018-11-09,2018,2000-11-09
1,2018-11-09,2018,2000-11-09
1,2018-11-09,2018,2000-11-09
1,2018-11-09,2018,2000-11-09
1,2018-11-09,2018,2000-11-09
1,2018-08-29,2018,2000-08-29
1,2018-08-29,2018,2000-08-29
1,2018-08-29,2018,2000-08-29
1,2018-08-29,2018,2000-08-29
1,2018-08-29,2018,2000-08-29
1,2018-08-29,2018,2000-08-29
1,2018-08-29,2018,2000-08-29
1,2018-08-29,2018,2000-08-29
1,2018-08-29,2018,2000-08-29
1,2018-08-29,2018,2000-08-29
1,2018-08-29,2018,2000-08-29
1,2018-08-27,2018,2000-08-27
1,2018-08-27,2018,2000-08-27
1,2018-08-27,2018,2000-08-27
1,2018-08-27,2018,2000-08-27
1,2018-08-27,2018,2000-08-27
1,2018-08-27,2018,2000-08-27
1,2018-08-27,2018,2000-08-27
1,2018-08-27,2018,2000-08-27
1,2018-07-19,2018,2000-07-19
1,2018-07-19,2018,2000-07-19
1,2018-07-19,2018,2000-07-19
1,2018-07-19,2018,2000-07-19
1,2018-07-19,2018,2000-07-19
1,2018-07-19,2018,2000-07-19
1,2018-07-19,2018,2000-07-19
1,2018-07-19,2018,2000-07-19
1,2018-07-19,2018,2000-07-19
1,2018-12-07,2018,2000-12-07
1,2018-12-07,2018,2000-12-07
1,2018-12-07,2018,2000-12-07
1,2018-12-07,2018,2000-12-07
1,2018-12-07,2018,2000-12-07
1,2018-12-07,2018,2000-12-07
1,2018-12-07,2018,2000-12-07
1,2018-12-07,2018,2000-12-07
1,2018-12-07,2018,2000-12-07
1,2018-12-07,2018,2000-12-07
1,2018-12-07,2018,2000-12-07
1,2018-12-07,2018,2000-12-07
1,2018-12-07,2018,2000-12-07
1,2018-12-07,2018,2000-12-07
1,2018-12-07,2018,2000-12-07
1,2018-11-07,2018,2000-11-07
1,2018-11-07,2018,2000-11-07
1,2018-11-07,2018,2000-11-07
1,2018-10-07,2018,2000-10-07
1,2018-10-07,2018,2000-10-07
1,2018-05-07,2018,2000-05-07
1,2018-05-07,2018,2000-05-07
1,2018-05-07,2018,2000-05-07
1,2018-05-07,2018,2000-05-07
1,2018-05-07,2018,2000-05-07
1,2018-05-07,2018,2000-05-07
1,2018-05-07,2018,2000-05-07
1,2018-05-07,2018,2000-05-07
1,2018-05-07,2018,2000-05-07
1,2018-05-07,2018,2000-05-07
1,2018-05-07,2018,2000-05-07
1,2018-05-07,2018,2000-05-07
1,2018-05-07,2018,2000-05-07
1,2018-05-07,2018,2000-05-07
1,2018-05-07,2018,2000-05-07
1,2018-05-07,2018,2000-05-07
1,2018-05-07,2018,2000-05-07
1,2018-05-07,2018,2000-05-07
1,2018-05-07,2018,2000-05-07
1,2018-05-07,2018,2000-05-07
1,2018-06-28,2018,2000-06-28
1,2018-06-28,2018,2000-06-28
1,2018-06-28,2018,2000-06-28
1,2018-06-28,2018,2000-06-28
1,2018-06-28,2018,2000-06-28
1,2018-06-28,2018,2000-06-28
1,2018-06-28,2018,2000-06-28
1,2018-06-28,2018,2000-06-28
1,2018-06-28,2018,2000-06-28
1,2018-06-28,2018,2000-06-28
1,2018-06-28,2018,2000-06-28
1,2018-06-28,2018,2000-06-28
1,2018-06-28,2018,2000-06-28
1,2018-06-28,2018,2000-06-28
1,2018-06-28,2018,2000-06-28
1,2018-06-28,2018,2000-06-28
1,2018-06-28,2018,2000-06-28
1,2018-06-28,2018,2000-06-28
1,2018-06-28,2018,2000-06-28
1,2018-06-28,2018,2000-06-28
1,2018-06-28,2018,2000-06-28
1,2018-06-28,2018,2000-06-28
1,2018-06-28,2018,2000-06-28
1,2018-06-28,2018,2000-06-28
1,2018-06-28,2018,2000-06-28
1,2018-06-28,2018,2000-06-28
1,2018-06-28,2018,2000-06-28
1,2018-06-28,2018,2000-06-28
1,2018-06-28,2018,2000-06-28
1,2018-06-28,2018,2000-06-28
1,2018-06-28,2018,2000-06-28
1,2018-06-28,2018,2000-06-28
1,2018-06-28,2018,2000-06-28
1,2018-06-28,2018,2000-06-28
1,2018-06-28,2018,2000-06-28
1,2018-06-27,2018,2000-06-27
1,2018-06-27,2018,2000-06-27
1,2018-06-27,2018,2000-06-27
1,2018-06-27,2018,2000-06-27
1,2018-06-27,2018,2000-06-27
1,2018-06-27,2018,2000-06-27
1,2018-06-27,2018,2000-06-27
1,2018-06-27,2018,2000-06-27
1,2018-06-27,2018,2000-06-27
1,2018-06-27,2018,2000-06-27
1,2018-06-27,2018,2000-06-27
1,2018-06-27,2018,2000-06-27
1,2018-06-27,2018,2000-06-27
1,2018-06-27,2018,2000-06-27
1,2018-06-27,2018,2000-06-27
1,2018-06-27,2018,2000-06-27
1,2018-06-27,2018,2000-06-27
1,2018-06-27,2018,2000-06-27
1,2018-06-27,2018,2000-06-27
1,2018-06-27,2018,2000-06-27
1,2018-06-27,2018,2000-06-27
1,2018-06-27,2018,2000-06-27
1,2018-06-27,2018,2000-06-27
1,2018-06-27,2018,2000-06-27
1,2018-06-27,2018,2000-06-27
1,2018-06-27,2018,2000-06-27
1,2018-06-27,2018,2000-06-27
1,2018-06-27,2018,2000-06-27
1,2018-06-26,2018,2000-06-26
1,2018-06-26,2018,2000-06-26
1,2018-06-26,2018,2000-06-26
1,2018-06-26,2018,2000-06-26
1,2018-06-26,2018,2000-06-26
1,2018-06-26,2018,2000-06-26
1,2018-06-26,2018,2000-06-26
1,2018-06-26,2018,2000-06-26
1,2018-06-26,2018,2000-06-26
1,2018-06-26,2018,2000-06-26
1,2018-06-26,2018,2000-06-26
1,2018-06-26,2018,2000-06-26
1,2018-06-20,2018,2000-06-20
1,2018-06-20,2018,2000-06-20
1,2018-06-20,2018,2000-06-20
1,2018-06-20,2018,2000-06-20
1,2018-06-20,2018,2000-06-20
1,2018-06-20,2018,2000-06-20
1,2018-06-20,2018,2000-06-20
1,2018-06-20,2018,2000-06-20
1,2018-06-20,2018,2000-06-20
1,2018-06-20,2018,2000-06-20
1,2018-06-20,2018,2000-06-20
1,2018-06-20,2018,2000-06-20
1,2018-06-20,2018,2000-06-20
1,2018-06-20,2018,2000-06-20
1,2018-06-20,2018,2000-06-20
1,2018-06-20,2018,2000-06-20
1,2018-06-20,2018,2000-06-20
1,2018-06-20,2018,2000-06-20
1,2018-06-20,2018,2000-06-20
1,2018-06-20,2018,2000-06-20
1,2018-06-20,2018,2000-06-20
1,2018-06-20,2018,2000-06-20
1,2018-06-20,2018,2000-06-20
1,2018-06-20,2018,2000-06-20
1,2018-06-20,2018,2000-06-20
1,2018-01-06,2018,2000-01-06
1,2018-01-06,2018,2000-01-06
1,2018-01-06,2018,2000-01-06
1,2018-01-06,2018,2000-01-06
1,2018-01-06,2018,2000-01-06
1,2018-01-06,2018,2000-01-06
1,2018-01-06,2018,2000-01-06
1,2018-01-06,2018,2000-01-06
1,2018-01-06,2018,2000-01-06
1,2018-01-06,2018,2000-01-06
1,2018-01-06,2018,2000-01-06
1,2018-01-06,2018,2000-01-06
1,2018-01-06,2018,2000-01-06
1,2018-01-06,2018,2000-01-06
1,2018-01-06,2018,2000-01-06
1,2018-01-06,2018,2000-01-06
1,2018-01-06,2018,2000-01-06
1,2018-01-06,2018,2000-01-06
1,2018-01-06,2018,2000-01-06
1,2018-01-06,2018,2000-01-06
1,2018-01-06,2018,2000-01-06
1,2018-01-06,2018,2000-01-06
1,2018-01-06,2018,2000-01-06
1,2018-01-06,2018,2000-01-06
1,2018-01-06,2018,2000-01-06
1,2018-01-06,2018,2000-01-06
1,2018-01-06,2018,2000-01-06
1,2018-01-06,2018,2000-01-06
1,2018-01-06,2018,2000-01-06
1,2018-01-06,2018,2000-01-06
1,2018-01-06,2018,2000-01-06
1,2018-01-06,2018,2000-01-06
1,2018-01-06,2018,2000-01-06
1,2018-01-06,2018,2000-01-06
1,2018-01-06,2018,2000-01-06
1,2018-01-06,2018,2000-01-06
1,2018-01-06,2018,2000-01-06
1,2018-01-06,2018,2000-01-06
1,2018-01-06,2018,2000-01-06
1,2018-01-06,2018,2000-01-06
1,2018-01-06,2018,2000-01-06
1,2018-01-06,2018,2000-01-06
1,2018-01-06,2018,2000-01-06
1,2018-01-06,2018,2000-01-06
1,2018-01-06,2018,2000-01-06
1,2018-01-06,2018,2000-01-06
1,2018-01-06,2018,2000-01-06
1,2018-01-06,2018,2000-01-06
1,2018-01-06,2018,2000-01-06
1,2018-01-06,2018,2000-01-06
1,2018-01-06,2018,2000-01-06
1,2018-01-06,2018,2000-01-06
1,2018-01-06,2018,2000-01-06
1,2018-01-06,2018,2000-01-06
1,2018-01-06,2018,2000-01-06
1,2018-01-06,2018,2000-01-06
1,2018-01-06,2018,2000-01-06
1,2018-01-06,2018,2000-01-06
1,2018-01-06,2018,2000-01-06
1,2018-01-06,2018,2000-01-06
1,2018-01-06,2018,2000-01-06
1,2018-01-06,2018,2000-01-06
1,2018-01-06,2018,2000-01-06
1,2018-01-06,2018,2000-01-06
1,2018-01-06,2018,2000-01-06
1,2018-01-06,2018,2000-01-06
1,2018-01-06,2018,2000-01-06
1,2018-01-06,2018,2000-01-06
1,2018-01-06,2018,2000-01-06
1,2018-01-06,2018,2000-01-06
1,2018-05-31,2018,2000-05-31
1,2018-05-31,2018,2000-05-31
1,2018-05-31,2018,2000-05-31
1,2018-05-31,2018,2000-05-31
1,2018-05-31,2018,2000-05-31
1,2018-05-31,2018,2000-05-31
1,2018-05-31,2018,2000-05-31
1,2018-05-31,2018,2000-05-31
1,2018-05-31,2018,2000-05-31
1,2018-05-31,2018,2000-05-31
1,2018-05-31,2018,2000-05-31
1,2018-05-31,2018,2000-05-31
1,2018-05-31,2018,2000-05-31
1,2018-05-31,2018,2000-05-31
1,2018-05-31,2018,2000-05-31
1,2018-05-31,2018,2000-05-31
1,2018-05-31,2018,2000-05-31
1,2018-05-31,2018,2000-05-31
1,2018-05-31,2018,2000-05-31
1,2018-05-31,2018,2000-05-31
1,2018-05-31,2018,2000-05-31
1,2018-05-31,2018,2000-05-31
1,2018-05-31,2018,2000-05-31
1,2018-05-31,2018,2000-05-31
1,2018-05-31,2018,2000-05-31
1,2018-05-31,2018,2000-05-31
1,2018-05-31,2018,2000-05-31
1,2018-05-31,2018,2000-05-31
1,2018-05-31,2018,2000-05-31
1,2018-05-31,2018,2000-05-31
1,2018-05-31,2018,2000-05-31
1,2018-05-31,2018,2000-05-31
1,2018-05-31,2018,2000-05-31
1,2018-05-31,2018,2000-05-31
1,2018-05-31,2018,2000-05-31
1,2018-05-31,2018,2000-05-31
1,2018-05-31,2018,2000-05-31
1,2018-05-31,2018,2000-05-31
1,2018-05-31,2018,2000-05-31
1,2018-05-31,2018,2000-05-31
1,2018-05-31,2018,2000-05-31
1,2018-05-31,2018,2000-05-31
1,2018-05-31,2018,2000-05-31
1,2018-05-31,2018,2000-05-31
1,2018-05-31,2018,2000-05-31
1,2018-05-31,2018,2000-05-31
1,2018-05-31,2018,2000-05-31
1,2018-05-31,2018,2000-05-31
1,2018-05-31,2018,2000-05-31
1,2018-05-31,2018,2000-05-31
1,2018-05-31,2018,2000-05-31
1,2018-05-31,2018,2000-05-31
1,2018-05-31,2018,2000-05-31
1,2018-05-31,2018,2000-05-31
1,2018-05-31,2018,2000-05-31
1,2018-05-31,2018,2000-05-31
1,2018-05-31,2018,2000-05-31
1,2018-05-31,2018,2000-05-31
1,2018-05-31,2018,2000-05-31
1,2018-05-31,2018,2000-05-31
1,2018-05-30,2018,2000-05-30
1,2018-05-30,2018,2000-05-30
1,2018-05-30,2018,2000-05-30
1,2018-05-30,2018,2000-05-30
1,2018-05-30,2018,2000-05-30
1,2018-05-30,2018,2000-05-30
1,2018-05-30,2018,2000-05-30
1,2018-05-30,2018,2000-05-30
1,2018-05-30,2018,2000-05-30
1,2018-05-30,2018,2000-05-30
1,2018-05-30,2018,2000-05-30
1,2018-05-30,2018,2000-05-30
1,2018-05-30,2018,2000-05-30
1,2018-05-30,2018,2000-05-30
1,2018-05-30,2018,2000-05-30
1,2018-05-30,2018,2000-05-30
1,2018-05-30,2018,2000-05-30
1,2018-05-30,2018,2000-05-30
1,2018-05-30,2018,2000-05-30
1,2018-05-30,2018,2000-05-30
1,2018-05-30,2018,2000-05-30
1,2018-05-30,2018,2000-05-30
1,2018-05-30,2018,2000-05-30
1,2018-05-30,2018,2000-05-30
1,2018-05-30,2018,2000-05-30
1,2018-05-30,2018,2000-05-30
1,2018-05-30,2018,2000-05-30
1,2018-05-30,2018,2000-05-30
1,2018-05-30,2018,2000-05-30
1,2018-05-30,2018,2000-05-30
1,2018-05-30,2018,2000-05-30
1,2018-05-30,2018,2000-05-30
1,2018-05-30,2018,2000-05-30
1,2018-05-30,2018,2000-05-30
1,2018-05-30,2018,2000-05-30
1,2018-05-30,2018,2000-05-30
1,2018-05-30,2018,2000-05-30
1,2018-05-30,2018,2000-05-30
1,2018-05-30,2018,2000-05-30
1,2018-05-30,2018,2000-05-30
1,2018-05-30,2018,2000-05-30
1,2018-05-30,2018,2000-05-30
1,2018-05-30,2018,2000-05-30
1,2018-05-30,2018,2000-05-30
1,2018-05-30,2018,2000-05-30
1,2018-05-30,2018,2000-05-30
1,2018-05-30,2018,2000-05-30
1,2018-05-30,2018,2000-05-30
1,2018-05-30,2018,2000-05-30
1,2018-05-30,2018,2000-05-30
1,2018-05-30,2018,2000-05-30
1,2018-05-30,2018,2000-05-30
1,2018-05-30,2018,2000-05-30
1,2018-05-30,2018,2000-05-30
1,2018-05-30,2018,2000-05-30
1,2018-05-30,2018,2000-05-30
1,2018-05-30,2018,2000-05-30
1,2018-05-30,2018,2000-05-30
1,2018-05-30,2018,2000-05-30
1,2018-05-30,2018,2000-05-30
1,2018-05-30,2018,2000-05-30
1,2018-05-30,2018,2000-05-30
1,2018-05-30,2018,2000-05-30
1,2018-05-30,2018,2000-05-30
1,2018-05-30,2018,2000-05-30
1,2018-05-30,2018,2000-05-30
1,2018-05-30,2018,2000-05-30
1,2018-05-30,2018,2000-05-30
1,2018-05-30,2018,2000-05-30
1,2018-05-30,2018,2000-05-30
1,2018-05-30,2018,2000-05-30
1,2018-05-30,2018,2000-05-30
1,2018-05-30,2018,2000-05-30
1,2018-05-30,2018,2000-05-30
1,2018-05-30,2018,2000-05-30
1,2018-05-30,2018,2000-05-30
1,2018-05-30,2018,2000-05-30
1,2018-05-30,2018,2000-05-30
1,2018-05-30,2018,2000-05-30
1,2018-05-30,2018,2000-05-30
1,2018-04-19,2018,2000-04-19
1,2018-04-19,2018,2000-04-19
1,2018-04-19,2018,2000-04-19
1,2018-12-04,2018,2000-12-04
1,2018-12-04,2018,2000-12-04
1,2018-12-04,2018,2000-12-04
1,2018-12-04,2018,2000-12-04
1,2018-12-04,2018,2000-12-04
1,2018-12-04,2018,2000-12-04
1,2018-12-04,2018,2000-12-04
1,2018-12-04,2018,2000-12-04
1,2018-12-04,2018,2000-12-04
1,2018-12-04,2018,2000-12-04
1,2018-12-04,2018,2000-12-04
1,2018-12-04,2018,2000-12-04
1,2018-10-04,2018,2000-10-04
1,2018-10-04,2018,2000-10-04
1,2018-06-04,2018,2000-06-04
1,2018-06-04,2018,2000-06-04
1,2018-06-04,2018,2000-06-04
1,2018-06-04,2018,2000-06-04
1,2018-06-04,2018,2000-06-04
1,2018-06-04,2018,2000-06-04
1,2018-06-04,2018,2000-06-04
1,2018-06-04,2018,2000-06-04
1,2018-06-04,2018,2000-06-04
1,2018-06-04,2018,2000-06-04
1,2018-06-04,2018,2000-06-04
1,2018-06-04,2018,2000-06-04
1,2018-06-04,2018,2000-06-04
1,2018-06-04,2018,2000-06-04
1,2018-06-04,2018,2000-06-04
1,2018-06-04,2018,2000-06-04
1,2018-06-04,2018,2000-06-04
1,2018-06-04,2018,2000-06-04
1,2018-06-04,2018,2000-06-04
1,2018-06-04,2018,2000-06-04
1,2018-06-04,2018,2000-06-04
1,2018-06-04,2018,2000-06-04
1,2018-06-04,2018,2000-06-04
1,2018-06-04,2018,2000-06-04
1,2018-06-04,2018,2000-06-04
1,2018-05-04,2018,2000-05-04
1,2018-05-04,2018,2000-05-04
1,2018-05-04,2018,2000-05-04
1,2018-05-04,2018,2000-05-04
1,2018-05-04,2018,2000-05-04
1,2018-05-04,2018,2000-05-04
1,2018-05-04,2018,2000-05-04
1,2018-05-04,2018,2000-05-04
1,2018-05-04,2018,2000-05-04
1,2018-05-04,2018,2000-05-04
1,2018-05-04,2018,2000-05-04
1,2018-05-04,2018,2000-05-04
1,2018-05-04,2018,2000-05-04
1,2018-05-04,2018,2000-05-04
1,2018-05-04,2018,2000-05-04
1,2018-05-04,2018,2000-05-04
1,2018-05-04,2018,2000-05-04
1,2018-05-04,2018,2000-05-04
1,2018-05-04,2018,2000-05-04
1,2018-05-04,2018,2000-05-04
1,2018-05-04,2018,2000-05-04
1,2018-05-04,2018,2000-05-04
1,2018-05-04,2018,2000-05-04
1,2018-05-04,2018,2000-05-04
1,2018-05-04,2018,2000-05-04
1,2018-05-04,2018,2000-05-04
1,2018-05-04,2018,2000-05-04
1,2018-05-04,2018,2000-05-04
1,2018-05-04,2018,2000-05-04
1,2018-05-04,2018,2000-05-04
1,2018-04-04,2018,2000-04-04
1,2018-04-04,2018,2000-04-04
1,2018-04-04,2018,2000-04-04
1,2018-04-04,2018,2000-04-04
1,2018-03-28,2018,2000-03-28
1,2018-03-28,2018,2000-03-28
1,2018-03-28,2018,2000-03-28
1,2018-03-28,2018,2000-03-28
1,2018-03-28,2018,2000-03-28
1,2018-03-28,2018,2000-03-28
1,2018-03-28,2018,2000-03-28
1,2018-03-28,2018,2000-03-28
1,2018-03-28,2018,2000-03-28
1,2018-03-28,2018,2000-03-28
1,2018-03-28,2018,2000-03-28
1,2018-03-28,2018,2000-03-28
1,2018-03-28,2018,2000-03-28
1,2018-03-28,2018,2000-03-28
1,2018-03-28,2018,2000-03-28
1,2018-03-28,2018,2000-03-28
1,2018-03-28,2018,2000-03-28
1,2018-03-28,2018,2000-03-28
1,2018-03-28,2018,2000-03-28
1,2018-03-28,2018,2000-03-28
1,2018-03-28,2018,2000-03-28
1,2018-03-28,2018,2000-03-28
1,2018-03-28,2018,2000-03-28
1,2018-03-28,2018,2000-03-28
1,2018-03-28,2018,2000-03-28
1,2018-03-28,2018,2000-03-28
1,2018-03-28,2018,2000-03-28
1,2018-03-28,2018,2000-03-28
1,2018-03-28,2018,2000-03-28
1,2018-03-28,2018,2000-03-28
1,2018-03-28,2018,2000-03-28
1,2018-03-28,2018,2000-03-28
1,2018-03-28,2018,2000-03-28
1,2018-03-28,2018,2000-03-28
1,2018-03-28,2018,2000-03-28
1,2018-03-28,2018,2000-03-28
1,2018-03-28,2018,2000-03-28
1,2018-03-28,2018,2000-03-28
1,2018-03-28,2018,2000-03-28
1,2018-03-28,2018,2000-03-28
1,2018-03-28,2018,2000-03-28
1,2018-03-28,2018,2000-03-28
1,2018-03-28,2018,2000-03-28
1,2018-03-28,2018,2000-03-28
1,2018-03-28,2018,2000-03-28
1,2018-03-28,2018,2000-03-28
1,2018-03-28,2018,2000-03-28
1,2018-03-28,2018,2000-03-28
1,2018-03-28,2018,2000-03-28
1,2018-03-28,2018,2000-03-28
1,2018-03-26,2018,2000-03-26
1,2018-03-26,2018,2000-03-26
1,2018-03-26,2018,2000-03-26
1,2018-03-26,2018,2000-03-26
1,2018-03-26,2018,2000-03-26
1,2018-03-26,2018,2000-03-26
1,2018-03-23,2018,2000-03-23
1,2018-03-23,2018,2000-03-23
1,2018-03-19,2018,2000-03-19
1,2018-03-19,2018,2000-03-19
1,2018-03-14,2018,2000-03-14
1,2018-03-14,2018,2000-03-14
1,2018-03-14,2018,2000-03-14
1,2018-03-14,2018,2000-03-14
1,2018-03-14,2018,2000-03-14
1,2018-03-14,2018,2000-03-14
1,2018-03-14,2018,2000-03-14
1,2018-03-14,2018,2000-03-14
1,2018-03-14,2018,2000-03-14
1,2018-03-14,2018,2000-03-14
1,2018-03-14,2018,2000-03-14
1,2018-03-14,2018,2000-03-14
1,2018-03-14,2018,2000-03-14
1,2018-03-14,2018,2000-03-14
1,2018-03-14,2018,2000-03-14
1,2018-03-14,2018,2000-03-14
1,2018-03-14,2018,2000-03-14
1,2018-03-14,2018,2000-03-14
1,2018-03-14,2018,2000-03-14
1,2018-03-14,2018,2000-03-14
1,2018-03-14,2018,2000-03-14
1,2018-03-14,2018,2000-03-14
1,2018-03-14,2018,2000-03-14
1,2018-03-14,2018,2000-03-14
1,2018-03-14,2018,2000-03-14
1,2018-03-14,2018,2000-03-14
1,2018-03-14,2018,2000-03-14
1,2018-03-14,2018,2000-03-14
1,2018-03-14,2018,2000-03-14
1,2018-03-14,2018,2000-03-14
1,2018-03-14,2018,2000-03-14
1,2018-03-14,2018,2000-03-14
1,2018-03-14,2018,2000-03-14
1,2018-03-14,2018,2000-03-14
1,2018-03-14,2018,2000-03-14
1,2018-03-14,2018,2000-03-14
1,2018-03-14,2018,2000-03-14
1,2018-03-14,2018,2000-03-14
1,2018-03-14,2018,2000-03-14
1,2018-03-14,2018,2000-03-14
1,2018-03-14,2018,2000-03-14
1,2018-03-14,2018,2000-03-14
1,2018-03-14,2018,2000-03-14
1,2018-03-14,2018,2000-03-14
1,2018-03-14,2018,2000-03-14
1,2018-03-14,2018,2000-03-14
1,2018-03-14,2018,2000-03-14
1,2018-03-14,2018,2000-03-14
1,2018-03-14,2018,2000-03-14
1,2018-03-14,2018,2000-03-14
1,2018-03-14,2018,2000-03-14
1,2018-03-14,2018,2000-03-14
1,2018-03-14,2018,2000-03-14
1,2018-03-14,2018,2000-03-14
1,2018-03-14,2018,2000-03-14
1,2018-03-14,2018,2000-03-14
1,2018-03-14,2018,2000-03-14
1,2018-03-14,2018,2000-03-14
1,2018-03-14,2018,2000-03-14
1,2018-03-14,2018,2000-03-14
1,2018-03-14,2018,2000-03-14
1,2018-03-14,2018,2000-03-14
1,2018-03-14,2018,2000-03-14
1,2018-12-03,2018,2000-12-03
1,2018-12-03,2018,2000-12-03
1,2018-12-03,2018,2000-12-03
1,2018-12-03,2018,2000-12-03
1,2018-12-03,2018,2000-12-03
1,2018-12-03,2018,2000-12-03
1,2018-12-03,2018,2000-12-03
1,2018-12-03,2018,2000-12-03
1,2018-12-03,2018,2000-12-03
1,2018-12-03,2018,2000-12-03
1,2018-12-03,2018,2000-12-03
1,2018-12-03,2018,2000-12-03
1,2018-12-03,2018,2000-12-03
1,2018-12-03,2018,2000-12-03
1,2018-12-03,2018,2000-12-03
1,2018-12-03,2018,2000-12-03
1,2018-12-03,2018,2000-12-03
1,2018-12-03,2018,2000-12-03
1,2018-12-03,2018,2000-12-03
1,2018-12-03,2018,2000-12-03
1,2018-12-03,2018,2000-12-03
1,2018-12-03,2018,2000-12-03
1,2018-12-03,2018,2000-12-03
1,2018-12-03,2018,2000-12-03
1,2018-12-03,2018,2000-12-03
1,2018-12-03,2018,2000-12-03
1,2018-12-03,2018,2000-12-03
1,2018-12-03,2018,2000-12-03
1,2018-12-03,2018,2000-12-03
1,2018-12-03,2018,2000-12-03
1,2018-12-03,2018,2000-12-03
1,2018-12-03,2018,2000-12-03
1,2018-12-03,2018,2000-12-03
1,2018-12-03,2018,2000-12-03
1,2018-12-03,2018,2000-12-03
1,2018-12-03,2018,2000-12-03
1,2018-12-03,2018,2000-12-03
1,2018-12-03,2018,2000-12-03
1,2018-12-03,2018,2000-12-03
1,2018-12-03,2018,2000-12-03
1,2018-06-03,2018,2000-06-03
1,2018-06-03,2018,2000-06-03
1,2018-06-03,2018,2000-06-03
1,2018-06-03,2018,2000-06-03
1,2018-06-03,2018,2000-06-03
1,2018-06-03,2018,2000-06-03
1,2018-06-03,2018,2000-06-03
1,2018-06-03,2018,2000-06-03
1,2018-06-03,2018,2000-06-03
1,2018-06-03,2018,2000-06-03
1,2018-06-03,2018,2000-06-03
1,2018-06-03,2018,2000-06-03
1,2018-06-03,2018,2000-06-03
1,2018-06-03,2018,2000-06-03
1,2018-06-03,2018,2000-06-03
1,2018-06-03,2018,2000-06-03
1,2018-06-03,2018,2000-06-03
1,2018-06-03,2018,2000-06-03
1,2018-06-03,2018,2000-06-03
1,2018-06-03,2018,2000-06-03
1,2018-06-03,2018,2000-06-03
1,2018-06-03,2018,2000-06-03
1,2018-06-03,2018,2000-06-03
1,2018-06-03,2018,2000-06-03
1,2018-06-03,2018,2000-06-03
1,2018-06-03,2018,2000-06-03
1,2018-06-03,2018,2000-06-03
1,2018-06-03,2018,2000-06-03
1,2018-05-03,2018,2000-05-03
1,2018-05-03,2018,2000-05-03
1,2018-05-03,2018,2000-05-03
1,2018-05-03,2018,2000-05-03
1,2018-05-03,2018,2000-05-03
1,2018-05-03,2018,2000-05-03
1,2018-05-03,2018,2000-05-03
1,2018-05-03,2018,2000-05-03
1,2018-05-03,2018,2000-05-03
1,2018-05-03,2018,2000-05-03
1,2018-05-03,2018,2000-05-03
1,2018-05-03,2018,2000-05-03
1,2018-05-03,2018,2000-05-03
1,2018-05-03,2018,2000-05-03
1,2018-05-03,2018,2000-05-03
1,2018-02-03,2018,2000-02-03
1,2018-02-03,2018,2000-02-03
1,2018-02-03,2018,2000-02-03
1,2018-02-03,2018,2000-02-03
1,2018-02-03,2018,2000-02-03
1,2018-01-03,2018,2000-01-03
1,2018-01-03,2018,2000-01-03
1,2018-01-03,2018,2000-01-03
1,2018-01-03,2018,2000-01-03
1,2018-01-03,2018,2000-01-03
1,2018-01-03,2018,2000-01-03
1,2018-01-03,2018,2000-01-03
1,2018-01-03,2018,2000-01-03
1,2018-01-03,2018,2000-01-03
1,2018-01-03,2018,2000-01-03
1,2018-01-03,2018,2000-01-03
1,2018-01-03,2018,2000-01-03
1,2018-01-03,2018,2000-01-03
1,2018-01-03,2018,2000-01-03
1,2018-01-03,2018,2000-01-03
1,2018-01-03,2018,2000-01-03
1,2018-01-03,2018,2000-01-03
1,2018-01-03,2018,2000-01-03
1,2018-01-03,2018,2000-01-03
1,2018-01-03,2018,2000-01-03
1,2018-01-03,2018,2000-01-03
1,2018-01-03,2018,2000-01-03
1,2018-01-03,2018,2000-01-03
1,2018-01-03,2018,2000-01-03
1,2018-01-03,2018,2000-01-03
1,2018-01-03,2018,2000-01-03
1,2018-01-03,2018,2000-01-03
1,2018-01-03,2018,2000-01-03
1,2018-01-03,2018,2000-01-03
1,2018-01-03,2018,2000-01-03
1,2018-01-03,2018,2000-01-03
1,2018-01-03,2018,2000-01-03
1,2018-01-03,2018,2000-01-03
1,2018-01-03,2018,2000-01-03
1,2018-01-03,2018,2000-01-03
1,2018-01-03,2018,2000-01-03
1,2018-01-03,2018,2000-01-03
1,2018-01-03,2018,2000-01-03
1,2018-01-03,2018,2000-01-03
1,2018-01-03,2018,2000-01-03
1,2018-01-03,2018,2000-01-03
1,2018-01-03,2018,2000-01-03
1,2018-01-03,2018,2000-01-03
1,2018-01-03,2018,2000-01-03
1,2018-01-03,2018,2000-01-03
1,2018-01-03,2018,2000-01-03
1,2018-01-03,2018,2000-01-03
1,2018-01-03,2018,2000-01-03
1,2018-01-03,2018,2000-01-03
1,2018-01-03,2018,2000-01-03
1,2018-02-22,2018,2000-02-22
1,2018-02-22,2018,2000-02-22
1,2018-02-22,2018,2000-02-22
1,2018-02-13,2018,2000-02-13
1,2018-02-13,2018,2000-02-13
1,2018-02-13,2018,2000-02-13
1,2018-02-13,2018,2000-02-13
1,2018-02-13,2018,2000-02-13
1,2018-02-13,2018,2000-02-13
1,2018-02-13,2018,2000-02-13
1,2018-02-13,2018,2000-02-13
1,2018-02-13,2018,2000-02-13
1,2018-02-13,2018,2000-02-13
1,2018-02-13,2018,2000-02-13
1,2018-02-13,2018,2000-02-13
1,2018-09-02,2018,2000-09-02
1,2018-09-02,2018,2000-09-02
1,2018-09-02,2018,2000-09-02
1,2018-09-02,2018,2000-09-02
1,2018-09-02,2018,2000-09-02
1,2018-09-02,2018,2000-09-02
1,2018-09-02,2018,2000-09-02
1,2018-09-02,2018,2000-09-02
1,2018-09-02,2018,2000-09-02
1,2018-09-02,2018,2000-09-02
1,2018-09-02,2018,2000-09-02
1,2018-09-02,2018,2000-09-02
1,2018-09-02,2018,2000-09-02
1,2018-09-02,2018,2000-09-02
1,2018-09-02,2018,2000-09-02
1,2018-09-02,2018,2000-09-02
1,2018-09-02,2018,2000-09-02
1,2018-09-02,2018,2000-09-02
1,2018-09-02,2018,2000-09-02
1,2018-09-02,2018,2000-09-02
1,2018-09-02,2018,2000-09-02
1,2018-09-02,2018,2000-09-02
1,2018-09-02,2018,2000-09-02
1,2018-09-02,2018,2000-09-02
1,2018-09-02,2018,2000-09-02
1,2018-09-02,2018,2000-09-02
1,2018-08-02,2018,2000-08-02
1,2018-07-02,2018,2000-07-02
1,2018-07-02,2018,2000-07-02
1,2018-07-02,2018,2000-07-02
1,2018-07-02,2018,2000-07-02
1,2018-07-02,2018,2000-07-02
1,2018-05-02,2018,2000-05-02
1,2018-05-02,2018,2000-05-02
1,2018-05-02,2018,2000-05-02
1,2018-05-02,2018,2000-05-02
1,2018-05-02,2018,2000-05-02
1,2018-05-02,2018,2000-05-02
1,2018-05-02,2018,2000-05-02
1,2018-05-02,2018,2000-05-02
1,2018-05-02,2018,2000-05-02
1,2018-05-02,2018,2000-05-02
1,2018-05-02,2018,2000-05-02
1,2018-05-02,2018,2000-05-02
1,2018-05-02,2018,2000-05-02
1,2018-05-02,2018,2000-05-02
1,2018-05-02,2018,2000-05-02
1,2018-05-02,2018,2000-05-02
1,2018-01-31,2018,2000-01-31
1,2018-01-31,2018,2000-01-31
1,2018-01-31,2018,2000-01-31
1,2018-01-31,2018,2000-01-31
1,2018-01-31,2018,2000-01-31
1,2018-01-31,2018,2000-01-31
1,2018-01-26,2018,2000-01-26
1,2018-01-26,2018,2000-01-26
1,2018-01-26,2018,2000-01-26
1,2018-01-26,2018,2000-01-26
1,2018-01-26,2018,2000-01-26
1,2018-01-26,2018,2000-01-26
1,2018-01-26,2018,2000-01-26
1,2018-01-26,2018,2000-01-26
1,2018-01-26,2018,2000-01-26
1,2018-01-26,2018,2000-01-26
1,2018-01-26,2018,2000-01-26
1,2018-01-26,2018,2000-01-26
1,2018-01-26,2018,2000-01-26
1,2018-01-26,2018,2000-01-26
1,2018-01-26,2018,2000-01-26
1,2018-01-26,2018,2000-01-26
1,2018-01-26,2018,2000-01-26
1,2018-01-26,2018,2000-01-26
1,2018-01-26,2018,2000-01-26
1,2018-01-26,2018,2000-01-26
1,2018-10-24,2018,2000-10-24
1,2018-10-24,2018,2000-10-24
1,2018-10-24,2018,2000-10-24
1,2018-10-24,2018,2000-10-24
1,2018-10-24,2018,2000-10-24
1,2018-10-24,2018,2000-10-24
1,2018-10-24,2018,2000-10-24
1,2018-01-24,2018,2000-01-24
1,2018-01-24,2018,2000-01-24
1,2018-01-24,2018,2000-01-24
1,2018-01-19,2018,2000-01-19
1,2018-01-19,2018,2000-01-19
1,2018-01-19,2018,2000-01-19
1,2018-01-19,2018,2000-01-19
1,2018-01-19,2018,2000-01-19
1,2018-01-19,2018,2000-01-19
1,2018-01-19,2018,2000-01-19
1,2018-01-19,2018,2000-01-19
1,2018-01-19,2018,2000-01-19
1,2018-01-19,2018,2000-01-19
1,2018-01-19,2018,2000-01-19
1,2018-01-19,2018,2000-01-19
1,2018-01-19,2018,2000-01-19
1,2018-01-19,2018,2000-01-19
1,2018-01-19,2018,2000-01-19
1,2018-01-19,2018,2000-01-19
1,2018-01-19,2018,2000-01-19
1,2018-01-19,2018,2000-01-19
1,2018-01-19,2018,2000-01-19
1,2018-01-19,2018,2000-01-19
1,2018-01-19,2018,2000-01-19
1,2018-01-19,2018,2000-01-19
1,2018-01-19,2018,2000-01-19
1,2018-01-19,2018,2000-01-19
1,2018-01-19,2018,2000-01-19
1,2018-01-19,2018,2000-01-19
1,2018-01-19,2018,2000-01-19
1,2018-01-19,2018,2000-01-19
1,2018-01-19,2018,2000-01-19
1,2018-01-19,2018,2000-01-19
1,2018-01-19,2018,2000-01-19
1,2018-01-19,2018,2000-01-19
1,2018-01-19,2018,2000-01-19
1,2018-01-19,2018,2000-01-19
1,2018-01-19,2018,2000-01-19
1,2018-01-19,2018,2000-01-19
1,2018-01-19,2018,2000-01-19
1,2018-01-19,2018,2000-01-19
1,2018-01-19,2018,2000-01-19
1,2018-01-19,2018,2000-01-19
1,2018-01-19,2018,2000-01-19
1,2018-01-19,2018,2000-01-19
1,2018-01-19,2018,2000-01-19
1,2018-01-19,2018,2000-01-19
1,2018-01-19,2018,2000-01-19
1,2018-01-19,2018,2000-01-19
1,2018-01-19,2018,2000-01-19
1,2018-01-19,2018,2000-01-19
1,2018-01-19,2018,2000-01-19
1,2018-01-19,2018,2000-01-19
1,2018-01-19,2018,2000-01-19
1,2018-01-19,2018,2000-01-19
1,2018-01-19,2018,2000-01-19
1,2018-01-19,2018,2000-01-19
1,2018-01-19,2018,2000-01-19
1,2018-01-19,2018,2000-01-19
1,2018-01-19,2018,2000-01-19
1,2018-01-19,2018,2000-01-19
1,2018-01-19,2018,2000-01-19
1,2018-01-19,2018,2000-01-19
1,2018-08-01,2018,2000-08-01
1,2018-08-01,2018,2000-08-01
1,2018-08-01,2018,2000-08-01
1,2018-08-01,2018,2000-08-01
1,2018-08-01,2018,2000-08-01
1,2018-08-01,2018,2000-08-01
1,2018-08-01,2018,2000-08-01
1,2018-08-01,2018,2000-08-01
1,2018-08-01,2018,2000-08-01
1,2018-08-01,2018,2000-08-01
1,2018-08-01,2018,2000-08-01
1,2018-08-01,2018,2000-08-01
1,2018-08-01,2018,2000-08-01
1,2018-08-01,2018,2000-08-01
1,2018-08-01,2018,2000-08-01
1,2018-08-01,2018,2000-08-01
1,2018-08-01,2018,2000-08-01
1,2018-08-01,2018,2000-08-01
1,2018-08-01,2018,2000-08-01
1,2018-08-01,2018,2000-08-01
1,2018-09-01,2018,2000-09-01
1,2018-09-01,2018,2000-09-01
1,2018-09-01,2018,2000-09-01
1,2018-09-01,2018,2000-09-01
1,2018-09-01,2018,2000-09-01
1,2018-09-01,2018,2000-09-01
1,2018-08-01,2018,2000-08-01
1,2018-08-01,2018,2000-08-01
1,2018-08-01,2018,2000-08-01
1,2018-08-01,2018,2000-08-01
1,2017-12-20,2017,2000-12-20
1,2017-12-20,2017,2000-12-20
1,2017-12-20,2017,2000-12-20
1,2017-12-20,2017,2000-12-20
1,2017-12-20,2017,2000-12-20
1,2017-12-20,2017,2000-12-20
1,2017-12-20,2017,2000-12-20
1,2017-12-20,2017,2000-12-20
1,2017-12-20,2017,2000-12-20
1,2017-12-20,2017,2000-12-20
1,2017-12-20,2017,2000-12-20
1,2017-12-20,2017,2000-12-20
1,2017-12-20,2017,2000-12-20
1,2017-12-20,2017,2000-12-20
1,2017-12-12,2017,2000-12-12
1,2017-12-12,2017,2000-12-12
1,2017-12-12,2017,2000-12-12
1,2017-12-12,2017,2000-12-12
1,2017-12-12,2017,2000-12-12
1,2017-12-12,2017,2000-12-12
1,2017-12-12,2017,2000-12-12
1,2017-12-12,2017,2000-12-12
1,2017-12-12,2017,2000-12-12
1,2017-12-12,2017,2000-12-12
1,2017-12-12,2017,2000-12-12
1,2017-12-12,2017,2000-12-12
1,2017-12-12,2017,2000-12-12
1,2017-12-12,2017,2000-12-12
1,2017-12-12,2017,2000-12-12
1,2017-12-12,2017,2000-12-12
1,2017-12-12,2017,2000-12-12
1,2017-12-12,2017,2000-12-12
1,2017-11-12,2017,2000-11-12
1,2017-08-12,2017,2000-08-12
1,2017-08-12,2017,2000-08-12
1,2017-08-12,2017,2000-08-12
1,2017-08-12,2017,2000-08-12
1,2017-08-12,2017,2000-08-12
1,2017-08-12,2017,2000-08-12
1,2017-08-12,2017,2000-08-12
1,2017-08-12,2017,2000-08-12
1,2017-08-12,2017,2000-08-12
1,2017-08-12,2017,2000-08-12
1,2017-08-12,2017,2000-08-12
1,2017-08-12,2017,2000-08-12
1,2017-08-12,2017,2000-08-12
1,2017-08-12,2017,2000-08-12
1,2017-08-12,2017,2000-08-12
1,2017-08-12,2017,2000-08-12
1,2017-08-12,2017,2000-08-12
1,2017-08-12,2017,2000-08-12
1,2017-08-12,2017,2000-08-12
1,2017-08-12,2017,2000-08-12
1,2017-08-12,2017,2000-08-12
1,2017-08-12,2017,2000-08-12
1,2017-08-12,2017,2000-08-12
1,2017-07-12,2017,2000-07-12
1,2017-07-12,2017,2000-07-12
1,2017-07-12,2017,2000-07-12
1,2017-07-12,2017,2000-07-12
1,2017-07-12,2017,2000-07-12
1,2017-07-12,2017,2000-07-12
1,2017-07-12,2017,2000-07-12
1,2017-07-12,2017,2000-07-12
1,2017-07-12,2017,2000-07-12
1,2017-07-12,2017,2000-07-12
1,2017-07-12,2017,2000-07-12
1,2017-07-12,2017,2000-07-12
1,2017-07-12,2017,2000-07-12
1,2017-07-12,2017,2000-07-12
1,2017-07-12,2017,2000-07-12
1,2017-07-12,2017,2000-07-12
1,2017-07-12,2017,2000-07-12
1,2017-07-12,2017,2000-07-12
1,2017-07-12,2017,2000-07-12
1,2017-07-12,2017,2000-07-12
1,2017-07-12,2017,2000-07-12
1,2017-07-12,2017,2000-07-12
1,2017-07-12,2017,2000-07-12
1,2017-07-12,2017,2000-07-12
1,2017-06-12,2017,2000-06-12
1,2017-06-12,2017,2000-06-12
1,2017-06-12,2017,2000-06-12
1,2017-06-12,2017,2000-06-12
1,2017-06-12,2017,2000-06-12
1,2017-06-12,2017,2000-06-12
1,2017-06-12,2017,2000-06-12
1,2017-06-12,2017,2000-06-12
1,2017-06-12,2017,2000-06-12
1,2017-06-12,2017,2000-06-12
1,2017-06-12,2017,2000-06-12
1,2017-06-12,2017,2000-06-12
1,2017-06-12,2017,2000-06-12
1,2017-06-12,2017,2000-06-12
1,2017-06-12,2017,2000-06-12
1,2017-06-12,2017,2000-06-12
1,2017-06-12,2017,2000-06-12
1,2017-06-12,2017,2000-06-12
1,2017-06-12,2017,2000-06-12
1,2017-06-12,2017,2000-06-12
1,2017-06-12,2017,2000-06-12
1,2017-06-12,2017,2000-06-12
1,2017-06-12,2017,2000-06-12
1,2017-06-12,2017,2000-06-12
1,2017-06-12,2017,2000-06-12
1,2017-06-12,2017,2000-06-12
1,2017-05-12,2017,2000-05-12
1,2017-05-12,2017,2000-05-12
1,2017-05-12,2017,2000-05-12
1,2017-05-12,2017,2000-05-12
1,2017-05-12,2017,2000-05-12
1,2017-05-12,2017,2000-05-12
1,2017-05-12,2017,2000-05-12
1,2017-05-12,2017,2000-05-12
1,2017-05-12,2017,2000-05-12
1,2017-05-12,2017,2000-05-12
1,2017-05-12,2017,2000-05-12
1,2017-05-12,2017,2000-05-12
1,2017-05-12,2017,2000-05-12
1,2017-05-12,2017,2000-05-12
1,2017-05-12,2017,2000-05-12
1,2017-05-12,2017,2000-05-12
1,2017-05-12,2017,2000-05-12
1,2017-05-12,2017,2000-05-12
1,2017-05-12,2017,2000-05-12
1,2017-05-12,2017,2000-05-12
1,2017-05-12,2017,2000-05-12
1,2017-05-12,2017,2000-05-12
1,2017-05-12,2017,2000-05-12
1,2017-05-12,2017,2000-05-12
1,2017-05-12,2017,2000-05-12
1,2017-05-12,2017,2000-05-12
1,2017-05-12,2017,2000-05-12
1,2017-05-12,2017,2000-05-12
1,2017-05-12,2017,2000-05-12
1,2017-05-12,2017,2000-05-12
1,2017-05-12,2017,2000-05-12
1,2017-05-12,2017,2000-05-12
1,2017-05-12,2017,2000-05-12
1,2017-05-12,2017,2000-05-12
1,2017-05-12,2017,2000-05-12
1,2017-05-12,2017,2000-05-12
1,2017-05-12,2017,2000-05-12
1,2017-05-12,2017,2000-05-12
1,2017-05-12,2017,2000-05-12
1,2017-05-12,2017,2000-05-12
1,2017-04-12,2017,2000-04-12
1,2017-04-12,2017,2000-04-12
1,2017-04-12,2017,2000-04-12
1,2017-04-12,2017,2000-04-12
1,2017-04-12,2017,2000-04-12
1,2017-04-12,2017,2000-04-12
1,2017-01-12,2017,2000-01-12
1,2017-01-12,2017,2000-01-12
1,2017-01-12,2017,2000-01-12
1,2017-01-12,2017,2000-01-12
1,2017-01-12,2017,2000-01-12
1,2017-01-12,2017,2000-01-12
1,2017-01-12,2017,2000-01-12
1,2017-01-12,2017,2000-01-12
1,2017-01-12,2017,2000-01-12
1,2017-01-12,2017,2000-01-12
1,2017-01-12,2017,2000-01-12
1,2017-01-12,2017,2000-01-12
1,2017-01-12,2017,2000-01-12
1,2017-01-12,2017,2000-01-12
1,2017-01-12,2017,2000-01-12
1,2017-01-12,2017,2000-01-12
1,2017-01-12,2017,2000-01-12
1,2017-01-12,2017,2000-01-12
1,2017-11-29,2017,2000-11-29
1,2017-11-29,2017,2000-11-29
1,2017-11-29,2017,2000-11-29
1,2017-11-27,2017,2000-11-27
1,2017-11-27,2017,2000-11-27
1,2017-11-27,2017,2000-11-27
1,2017-11-27,2017,2000-11-27
1,2017-11-27,2017,2000-11-27
1,2017-11-27,2017,2000-11-27
1,2017-11-27,2017,2000-11-27
1,2017-11-27,2017,2000-11-27
1,2017-11-27,2017,2000-11-27
1,2017-11-27,2017,2000-11-27
1,2017-11-24,2017,2000-11-24
1,2017-11-24,2017,2000-11-24
1,2017-11-24,2017,2000-11-24
1,2017-11-24,2017,2000-11-24
1,2017-11-24,2017,2000-11-24
1,2017-11-24,2017,2000-11-24
1,2017-11-24,2017,2000-11-24
1,2017-11-24,2017,2000-11-24
1,2017-11-24,2017,2000-11-24
1,2017-11-24,2017,2000-11-24
1,2017-11-24,2017,2000-11-24
1,2017-11-24,2017,2000-11-24
1,2017-11-24,2017,2000-11-24
1,2017-11-24,2017,2000-11-24
1,2017-11-24,2017,2000-11-24
1,2017-11-24,2017,2000-11-24
1,2017-11-24,2017,2000-11-24
1,2017-11-24,2017,2000-11-24
1,2017-11-24,2017,2000-11-24
1,2017-11-24,2017,2000-11-24
1,2017-11-24,2017,2000-11-24
1,2017-11-24,2017,2000-11-24
1,2017-11-24,2017,2000-11-24
1,2017-11-24,2017,2000-11-24
1,2017-11-24,2017,2000-11-24
1,2017-11-24,2017,2000-11-24
1,2017-11-24,2017,2000-11-24
1,2017-11-22,2017,2000-11-22
1,2017-11-22,2017,2000-11-22
1,2017-11-22,2017,2000-11-22
1,2017-11-21,2017,2000-11-21
1,2017-11-21,2017,2000-11-21
1,2017-11-21,2017,2000-11-21
1,2017-11-16,2017,2000-11-16
1,2017-11-16,2017,2000-11-16
1,2017-11-16,2017,2000-11-16
1,2017-11-16,2017,2000-11-16
1,2017-11-16,2017,2000-11-16
1,2017-11-16,2017,2000-11-16
1,2017-11-16,2017,2000-11-16
1,2017-11-16,2017,2000-11-16
1,2017-11-16,2017,2000-11-16
1,2017-11-16,2017,2000-11-16
1,2017-11-16,2017,2000-11-16
1,2017-11-16,2017,2000-11-16
1,2017-11-16,2017,2000-11-16
1,2017-11-16,2017,2000-11-16
1,2017-11-16,2017,2000-11-16
1,2017-11-16,2017,2000-11-16
1,2017-11-16,2017,2000-11-16
1,2017-11-16,2017,2000-11-16
1,2017-11-16,2017,2000-11-16
1,2017-11-16,2017,2000-11-16
1,2017-11-16,2017,2000-11-16
1,2017-11-16,2017,2000-11-16
1,2017-11-16,2017,2000-11-16
1,2017-11-16,2017,2000-11-16
1,2017-11-16,2017,2000-11-16
1,2017-11-16,2017,2000-11-16
1,2017-11-14,2017,2000-11-14
1,2017-11-14,2017,2000-11-14
1,2017-11-14,2017,2000-11-14
1,2017-11-13,2017,2000-11-13
1,2017-11-13,2017,2000-11-13
1,2017-11-13,2017,2000-11-13
1,2017-11-13,2017,2000-11-13
1,2017-11-13,2017,2000-11-13
1,2017-11-13,2017,2000-11-13
1,2017-11-13,2017,2000-11-13
1,2017-11-13,2017,2000-11-13
1,2017-11-13,2017,2000-11-13
1,2017-11-13,2017,2000-11-13
1,2017-11-13,2017,2000-11-13
1,2017-11-13,2017,2000-11-13
1,2017-11-13,2017,2000-11-13
1,2017-11-13,2017,2000-11-13
1,2017-11-13,2017,2000-11-13
1,2017-11-13,2017,2000-11-13
1,2017-10-11,2017,2000-10-11
1,2017-10-11,2017,2000-10-11
1,2017-10-11,2017,2000-10-11
1,2017-10-11,2017,2000-10-11
1,2017-10-11,2017,2000-10-11
1,2017-10-11,2017,2000-10-11
1,2017-10-11,2017,2000-10-11
1,2017-10-11,2017,2000-10-11
1,2017-10-11,2017,2000-10-11
1,2017-10-11,2017,2000-10-11
1,2017-10-11,2017,2000-10-11
1,2017-10-11,2017,2000-10-11
1,2017-10-11,2017,2000-10-11
1,2017-10-11,2017,2000-10-11
1,2017-10-11,2017,2000-10-11
1,2017-10-11,2017,2000-10-11
1,2017-10-11,2017,2000-10-11
1,2017-10-11,2017,2000-10-11
1,2017-10-11,2017,2000-10-11
1,2017-10-11,2017,2000-10-11
1,2017-10-11,2017,2000-10-11
1,2017-10-11,2017,2000-10-11
1,2017-10-11,2017,2000-10-11
1,2017-10-11,2017,2000-10-11
1,2017-10-11,2017,2000-10-11
1,2017-10-11,2017,2000-10-11
1,2017-10-11,2017,2000-10-11
1,2017-09-11,2017,2000-09-11
1,2017-09-11,2017,2000-09-11
1,2017-09-11,2017,2000-09-11
1,2017-09-11,2017,2000-09-11
1,2017-09-11,2017,2000-09-11
1,2017-09-11,2017,2000-09-11
1,2017-09-11,2017,2000-09-11
1,2017-09-11,2017,2000-09-11
1,2017-09-11,2017,2000-09-11
1,2017-09-11,2017,2000-09-11
1,2017-09-11,2017,2000-09-11
1,2017-09-11,2017,2000-09-11
1,2017-09-11,2017,2000-09-11
1,2017-09-11,2017,2000-09-11
1,2017-09-11,2017,2000-09-11
1,2017-09-11,2017,2000-09-11
1,2017-09-11,2017,2000-09-11
1,2017-09-11,2017,2000-09-11
1,2017-09-11,2017,2000-09-11
1,2017-09-11,2017,2000-09-11
1,2017-08-11,2017,2000-08-11
1,2017-08-11,2017,2000-08-11
1,2017-08-11,2017,2000-08-11
1,2017-08-11,2017,2000-08-11
1,2017-08-11,2017,2000-08-11
1,2017-08-11,2017,2000-08-11
1,2017-08-11,2017,2000-08-11
1,2017-08-11,2017,2000-08-11
1,2017-08-11,2017,2000-08-11
1,2017-08-11,2017,2000-08-11
1,2017-08-11,2017,2000-08-11
1,2017-08-11,2017,2000-08-11
1,2017-08-11,2017,2000-08-11
1,2017-08-11,2017,2000-08-11
1,2017-07-11,2017,2000-07-11
1,2017-07-11,2017,2000-07-11
1,2017-07-11,2017,2000-07-11
1,2017-07-11,2017,2000-07-11
1,2017-07-11,2017,2000-07-11
1,2017-07-11,2017,2000-07-11
1,2017-07-11,2017,2000-07-11
1,2017-07-11,2017,2000-07-11
1,2017-07-11,2017,2000-07-11
1,2017-07-11,2017,2000-07-11
1,2017-07-11,2017,2000-07-11
1,2017-07-11,2017,2000-07-11
1,2017-07-11,2017,2000-07-11
1,2017-07-11,2017,2000-07-11
1,2017-07-11,2017,2000-07-11
1,2017-07-11,2017,2000-07-11
1,2017-07-11,2017,2000-07-11
1,2017-10-31,2017,2000-10-31
1,2017-10-31,2017,2000-10-31
1,2017-10-31,2017,2000-10-31
1,2017-10-31,2017,2000-10-31
1,2017-10-31,2017,2000-10-31
1,2017-10-31,2017,2000-10-31
1,2017-10-25,2017,2000-10-25
1,2017-10-25,2017,2000-10-25
1,2017-10-24,2017,2000-10-24
1,2017-10-24,2017,2000-10-24
1,2017-10-24,2017,2000-10-24
1,2017-10-24,2017,2000-10-24
1,2017-10-24,2017,2000-10-24
1,2017-10-20,2017,2000-10-20
1,2017-10-20,2017,2000-10-20
1,2017-10-19,2017,2000-10-19
1,2017-10-19,2017,2000-10-19
1,2017-10-19,2017,2000-10-19
1,2017-10-19,2017,2000-10-19
1,2017-10-19,2017,2000-10-19
1,2017-10-19,2017,2000-10-19
1,2017-10-19,2017,2000-10-19
1,2017-10-19,2017,2000-10-19
1,2017-10-19,2017,2000-10-19
1,2017-10-19,2017,2000-10-19
1,2017-10-19,2017,2000-10-19
1,2017-12-10,2017,2000-12-10
1,2017-12-10,2017,2000-12-10
1,2017-12-10,2017,2000-12-10
1,2017-12-10,2017,2000-12-10
1,2017-12-10,2017,2000-12-10
1,2017-12-10,2017,2000-12-10
1,2017-12-10,2017,2000-12-10
1,2017-09-10,2017,2000-09-10
1,2017-09-10,2017,2000-09-10
1,2017-09-10,2017,2000-09-10
1,2017-09-10,2017,2000-09-10
1,2017-09-10,2017,2000-09-10
1,2017-09-10,2017,2000-09-10
1,2017-09-10,2017,2000-09-10
1,2017-09-10,2017,2000-09-10
1,2017-09-10,2017,2000-09-10
1,2017-09-10,2017,2000-09-10
1,2017-09-10,2017,2000-09-10
1,2017-09-10,2017,2000-09-10
1,2017-09-10,2017,2000-09-10
1,2017-09-10,2017,2000-09-10
1,2017-09-10,2017,2000-09-10
1,2017-09-10,2017,2000-09-10
1,2017-06-10,2017,2000-06-10
1,2017-06-10,2017,2000-06-10
1,2017-06-10,2017,2000-06-10
1,2017-06-10,2017,2000-06-10
1,2017-06-10,2017,2000-06-10
1,2017-06-10,2017,2000-06-10
1,2017-06-10,2017,2000-06-10
1,2017-06-10,2017,2000-06-10
1,2017-06-10,2017,2000-06-10
1,2017-06-10,2017,2000-06-10
1,2017-06-10,2017,2000-06-10
1,2017-06-10,2017,2000-06-10
1,2017-06-10,2017,2000-06-10
1,2017-06-10,2017,2000-06-10
1,2017-05-10,2017,2000-05-10
1,2017-05-10,2017,2000-05-10
1,2017-05-10,2017,2000-05-10
1,2017-05-10,2017,2000-05-10
1,2017-05-10,2017,2000-05-10
1,2017-05-10,2017,2000-05-10
1,2017-02-10,2017,2000-02-10
1,2017-02-10,2017,2000-02-10
1,2017-02-10,2017,2000-02-10
1,2017-02-10,2017,2000-02-10
1,2017-02-10,2017,2000-02-10
1,2017-02-10,2017,2000-02-10
1,2017-02-10,2017,2000-02-10
1,2017-02-10,2017,2000-02-10
1,2017-02-10,2017,2000-02-10
1,2017-02-10,2017,2000-02-10
1,2017-02-10,2017,2000-02-10
1,2017-09-29,2017,2000-09-29
1,2017-09-29,2017,2000-09-29
1,2017-09-29,2017,2000-09-29
1,2017-09-29,2017,2000-09-29
1,2017-09-29,2017,2000-09-29
1,2017-09-29,2017,2000-09-29
1,2017-09-29,2017,2000-09-29
1,2017-09-28,2017,2000-09-28
1,2017-09-28,2017,2000-09-28
1,2017-09-28,2017,2000-09-28
1,2017-09-28,2017,2000-09-28
1,2017-09-28,2017,2000-09-28
1,2017-09-28,2017,2000-09-28
1,2017-09-28,2017,2000-09-28
1,2017-09-28,2017,2000-09-28
1,2017-09-28,2017,2000-09-28
1,2017-09-28,2017,2000-09-28
1,2017-09-28,2017,2000-09-28
1,2017-09-28,2017,2000-09-28
1,2017-09-28,2017,2000-09-28
1,2017-09-28,2017,2000-09-28
1,2017-09-28,2017,2000-09-28
1,2017-09-28,2017,2000-09-28
1,2017-09-28,2017,2000-09-28
1,2017-09-28,2017,2000-09-28
1,2017-09-28,2017,2000-09-28
1,2017-09-28,2017,2000-09-28
1,2017-09-28,2017,2000-09-28
1,2017-09-28,2017,2000-09-28
1,2017-09-28,2017,2000-09-28
1,2017-09-28,2017,2000-09-28
1,2017-09-26,2017,2000-09-26
1,2017-09-26,2017,2000-09-26
1,2017-09-26,2017,2000-09-26
1,2017-09-26,2017,2000-09-26
1,2017-09-25,2017,2000-09-25
1,2017-09-20,2017,2000-09-20
1,2017-09-20,2017,2000-09-20
1,2017-09-20,2017,2000-09-20
1,2017-09-20,2017,2000-09-20
1,2017-09-20,2017,2000-09-20
1,2017-09-20,2017,2000-09-20
1,2017-09-20,2017,2000-09-20
1,2017-09-20,2017,2000-09-20
1,2017-09-20,2017,2000-09-20
1,2017-09-20,2017,2000-09-20
1,2017-09-20,2017,2000-09-20
1,2017-09-20,2017,2000-09-20
1,2017-09-20,2017,2000-09-20
1,2017-09-20,2017,2000-09-20
1,2017-09-20,2017,2000-09-20
1,2017-09-20,2017,2000-09-20
1,2017-09-20,2017,2000-09-20
1,2017-09-20,2017,2000-09-20
1,2017-09-20,2017,2000-09-20
1,2017-09-15,2017,2000-09-15
1,2017-09-15,2017,2000-09-15
1,2017-09-15,2017,2000-09-15
1,2017-09-15,2017,2000-09-15
1,2017-09-15,2017,2000-09-15
1,2017-09-15,2017,2000-09-15
1,2017-09-15,2017,2000-09-15
1,2017-09-15,2017,2000-09-15
1,2017-09-15,2017,2000-09-15
1,2017-09-15,2017,2000-09-15
1,2017-09-15,2017,2000-09-15
1,2017-09-15,2017,2000-09-15
1,2017-09-15,2017,2000-09-15
1,2017-09-15,2017,2000-09-15
1,2017-09-15,2017,2000-09-15
1,2017-09-15,2017,2000-09-15
1,2017-09-15,2017,2000-09-15
1,2017-09-15,2017,2000-09-15
1,2017-09-15,2017,2000-09-15
1,2017-09-15,2017,2000-09-15
1,2017-09-15,2017,2000-09-15
1,2017-09-15,2017,2000-09-15
1,2017-09-15,2017,2000-09-15
1,2017-09-15,2017,2000-09-15
1,2017-09-15,2017,2000-09-15
1,2017-09-15,2017,2000-09-15
1,2017-09-15,2017,2000-09-15
1,2017-12-09,2017,2000-12-09
1,2017-12-09,2017,2000-12-09
1,2017-12-09,2017,2000-12-09
1,2017-12-09,2017,2000-12-09
1,2017-12-09,2017,2000-12-09
1,2017-12-09,2017,2000-12-09
1,2017-12-09,2017,2000-12-09
1,2017-12-09,2017,2000-12-09
1,2017-12-09,2017,2000-12-09
1,2017-12-09,2017,2000-12-09
1,2017-12-09,2017,2000-12-09
1,2017-12-09,2017,2000-12-09
1,2017-12-09,2017,2000-12-09
1,2017-12-09,2017,2000-12-09
1,2017-12-09,2017,2000-12-09
1,2017-12-09,2017,2000-12-09
1,2017-12-09,2017,2000-12-09
1,2017-12-09,2017,2000-12-09
1,2017-12-09,2017,2000-12-09
1,2017-12-09,2017,2000-12-09
1,2017-12-09,2017,2000-12-09
1,2017-12-09,2017,2000-12-09
1,2017-12-09,2017,2000-12-09
1,2017-12-09,2017,2000-12-09
1,2017-09-09,2017,2000-09-09
1,2017-09-09,2017,2000-09-09
1,2017-09-09,2017,2000-09-09
1,2017-09-09,2017,2000-09-09
1,2017-09-09,2017,2000-09-09
1,2017-09-09,2017,2000-09-09
1,2017-09-09,2017,2000-09-09
1,2017-09-09,2017,2000-09-09
1,2017-09-09,2017,2000-09-09
1,2017-06-09,2017,2000-06-09
1,2017-06-09,2017,2000-06-09
1,2017-06-09,2017,2000-06-09
1,2017-06-09,2017,2000-06-09
1,2017-06-09,2017,2000-06-09
1,2017-06-09,2017,2000-06-09
1,2017-06-09,2017,2000-06-09
1,2017-06-09,2017,2000-06-09
1,2017-06-09,2017,2000-06-09
1,2017-06-09,2017,2000-06-09
1,2017-06-09,2017,2000-06-09
1,2017-06-09,2017,2000-06-09
1,2017-06-09,2017,2000-06-09
1,2017-06-09,2017,2000-06-09
1,2017-06-09,2017,2000-06-09
1,2017-06-09,2017,2000-06-09
1,2017-06-09,2017,2000-06-09
1,2017-06-09,2017,2000-06-09
1,2017-06-09,2017,2000-06-09
1,2017-06-09,2017,2000-06-09
1,2017-06-09,2017,2000-06-09
1,2017-06-09,2017,2000-06-09
1,2017-06-09,2017,2000-06-09
1,2017-06-09,2017,2000-06-09
1,2017-06-09,2017,2000-06-09
1,2017-06-09,2017,2000-06-09
1,2017-05-09,2017,2000-05-09
1,2017-05-09,2017,2000-05-09
1,2017-05-09,2017,2000-05-09
1,2017-05-09,2017,2000-05-09
1,2017-05-09,2017,2000-05-09
1,2017-05-09,2017,2000-05-09
1,2017-05-09,2017,2000-05-09
1,2017-05-09,2017,2000-05-09
1,2017-05-09,2017,2000-05-09
1,2017-05-09,2017,2000-05-09
1,2017-07-31,2017,2000-07-31
1,2017-07-31,2017,2000-07-31
1,2017-07-31,2017,2000-07-31
1,2017-07-31,2017,2000-07-31
1,2017-07-31,2017,2000-07-31
1,2017-07-31,2017,2000-07-31
1,2017-07-31,2017,2000-07-31
1,2017-07-31,2017,2000-07-31
1,2017-07-31,2017,2000-07-31
1,2017-07-31,2017,2000-07-31
1,2017-07-31,2017,2000-07-31
1,2017-07-31,2017,2000-07-31
1,2017-07-31,2017,2000-07-31
1,2017-07-31,2017,2000-07-31
1,2017-07-31,2017,2000-07-31
1,2017-07-31,2017,2000-07-31
1,2017-07-31,2017,2000-07-31
1,2017-07-31,2017,2000-07-31
1,2017-07-31,2017,2000-07-31
1,2017-07-31,2017,2000-07-31
1,2017-07-31,2017,2000-07-31
1,2017-07-31,2017,2000-07-31
1,2017-07-31,2017,2000-07-31
1,2017-07-31,2017,2000-07-31
1,2017-07-31,2017,2000-07-31
1,2017-07-31,2017,2000-07-31
1,2017-07-31,2017,2000-07-31
1,2017-07-31,2017,2000-07-31
1,2017-07-31,2017,2000-07-31
1,2017-07-31,2017,2000-07-31
1,2017-07-31,2017,2000-07-31
1,2017-07-31,2017,2000-07-31
1,2017-07-31,2017,2000-07-31
1,2017-07-31,2017,2000-07-31
1,2017-07-31,2017,2000-07-31
1,2017-07-31,2017,2000-07-31
1,2017-07-31,2017,2000-07-31
1,2017-07-31,2017,2000-07-31
1,2017-07-31,2017,2000-07-31
1,2017-07-31,2017,2000-07-31
1,2017-07-31,2017,2000-07-31
1,2017-07-31,2017,2000-07-31
1,2017-07-31,2017,2000-07-31
1,2017-07-31,2017,2000-07-31
1,2017-07-31,2017,2000-07-31
1,2017-07-31,2017,2000-07-31
1,2017-07-31,2017,2000-07-31
1,2017-07-31,2017,2000-07-31
1,2017-07-31,2017,2000-07-31
1,2017-07-31,2017,2000-07-31
1,2017-07-31,2017,2000-07-31
1,2017-07-31,2017,2000-07-31
1,2017-07-31,2017,2000-07-31
1,2017-07-31,2017,2000-07-31
1,2017-07-31,2017,2000-07-31
1,2017-07-31,2017,2000-07-31
1,2017-07-31,2017,2000-07-31
1,2017-07-31,2017,2000-07-31
1,2017-07-31,2017,2000-07-31
1,2017-07-31,2017,2000-07-31
1,2017-07-25,2017,2000-07-25
1,2017-07-25,2017,2000-07-25
1,2017-07-25,2017,2000-07-25
1,2017-07-25,2017,2000-07-25
1,2017-07-25,2017,2000-07-25
1,2017-07-25,2017,2000-07-25
1,2017-12-07,2017,2000-12-07
1,2017-12-07,2017,2000-12-07
1,2017-12-07,2017,2000-12-07
1,2017-11-07,2017,2000-11-07
1,2017-11-07,2017,2000-11-07
1,2017-11-07,2017,2000-11-07
1,2017-11-07,2017,2000-11-07
1,2017-11-07,2017,2000-11-07
1,2017-07-07,2017,2000-07-07
1,2017-07-07,2017,2000-07-07
1,2017-07-07,2017,2000-07-07
1,2017-07-07,2017,2000-07-07
1,2017-07-07,2017,2000-07-07
1,2017-07-07,2017,2000-07-07
1,2017-07-07,2017,2000-07-07
1,2017-07-07,2017,2000-07-07
1,2017-07-07,2017,2000-07-07
1,2017-07-07,2017,2000-07-07
1,2017-07-07,2017,2000-07-07
1,2017-07-07,2017,2000-07-07
1,2017-07-07,2017,2000-07-07
1,2017-07-07,2017,2000-07-07
1,2017-07-07,2017,2000-07-07
1,2017-07-07,2017,2000-07-07
1,2017-07-07,2017,2000-07-07
1,2017-07-07,2017,2000-07-07
1,2017-07-07,2017,2000-07-07
1,2017-07-07,2017,2000-07-07
1,2017-07-07,2017,2000-07-07
1,2017-07-07,2017,2000-07-07
1,2017-07-07,2017,2000-07-07
1,2017-07-07,2017,2000-07-07
1,2017-07-07,2017,2000-07-07
1,2017-07-07,2017,2000-07-07
1,2017-07-07,2017,2000-07-07
1,2017-07-07,2017,2000-07-07
1,2017-07-07,2017,2000-07-07
1,2017-07-07,2017,2000-07-07
1,2017-07-07,2017,2000-07-07
1,2017-07-07,2017,2000-07-07
1,2017-07-07,2017,2000-07-07
1,2017-07-07,2017,2000-07-07
1,2017-07-07,2017,2000-07-07
1,2017-07-07,2017,2000-07-07
1,2017-07-07,2017,2000-07-07
1,2017-07-07,2017,2000-07-07
1,2017-07-07,2017,2000-07-07
1,2017-07-07,2017,2000-07-07
1,2017-07-07,2017,2000-07-07
1,2017-07-07,2017,2000-07-07
1,2017-07-07,2017,2000-07-07
1,2017-07-07,2017,2000-07-07
1,2017-07-07,2017,2000-07-07
1,2017-07-07,2017,2000-07-07
1,2017-07-07,2017,2000-07-07
1,2017-07-07,2017,2000-07-07
1,2017-07-07,2017,2000-07-07
1,2017-07-07,2017,2000-07-07
1,2017-07-07,2017,2000-07-07
1,2017-07-07,2017,2000-07-07
1,2017-07-07,2017,2000-07-07
1,2017-07-07,2017,2000-07-07
1,2017-07-07,2017,2000-07-07
1,2017-07-07,2017,2000-07-07
1,2017-07-07,2017,2000-07-07
1,2017-07-07,2017,2000-07-07
1,2017-07-07,2017,2000-07-07
1,2017-07-07,2017,2000-07-07
1,2017-07-07,2017,2000-07-07
1,2017-07-07,2017,2000-07-07
1,2017-07-07,2017,2000-07-07
1,2017-07-07,2017,2000-07-07
1,2017-07-07,2017,2000-07-07
1,2017-07-07,2017,2000-07-07
1,2017-07-07,2017,2000-07-07
1,2017-07-07,2017,2000-07-07
1,2017-07-07,2017,2000-07-07
1,2017-07-07,2017,2000-07-07
1,2017-07-07,2017,2000-07-07
1,2017-07-07,2017,2000-07-07
1,2017-07-07,2017,2000-07-07
1,2017-07-07,2017,2000-07-07
1,2017-07-07,2017,2000-07-07
1,2017-07-07,2017,2000-07-07
1,2017-07-07,2017,2000-07-07
1,2017-07-07,2017,2000-07-07
1,2017-07-07,2017,2000-07-07
1,2017-07-07,2017,2000-07-07
1,2017-07-07,2017,2000-07-07
1,2017-07-07,2017,2000-07-07
1,2017-07-07,2017,2000-07-07
1,2017-07-07,2017,2000-07-07
1,2017-07-07,2017,2000-07-07
1,2017-07-07,2017,2000-07-07
1,2017-07-07,2017,2000-07-07
1,2017-07-07,2017,2000-07-07
1,2017-07-07,2017,2000-07-07
1,2017-07-07,2017,2000-07-07
1,2017-07-07,2017,2000-07-07
1,2017-07-07,2017,2000-07-07
1,2017-07-07,2017,2000-07-07
1,2017-07-07,2017,2000-07-07
1,2017-07-07,2017,2000-07-07
1,2017-07-07,2017,2000-07-07
1,2017-07-07,2017,2000-07-07
1,2017-07-07,2017,2000-07-07
1,2017-07-07,2017,2000-07-07
1,2017-07-07,2017,2000-07-07
1,2017-07-07,2017,2000-07-07
1,2017-07-07,2017,2000-07-07
1,2017-07-07,2017,2000-07-07
1,2017-07-07,2017,2000-07-07
1,2017-07-07,2017,2000-07-07
1,2017-07-07,2017,2000-07-07
1,2017-07-07,2017,2000-07-07
1,2017-07-07,2017,2000-07-07
1,2017-07-07,2017,2000-07-07
1,2017-07-07,2017,2000-07-07
1,2017-07-07,2017,2000-07-07
1,2017-07-07,2017,2000-07-07
1,2017-07-07,2017,2000-07-07
1,2017-07-07,2017,2000-07-07
1,2017-07-07,2017,2000-07-07
1,2017-07-07,2017,2000-07-07
1,2017-07-07,2017,2000-07-07
1,2017-07-07,2017,2000-07-07
1,2017-07-07,2017,2000-07-07
1,2017-07-07,2017,2000-07-07
1,2017-07-07,2017,2000-07-07
1,2017-07-07,2017,2000-07-07
1,2017-07-07,2017,2000-07-07
1,2017-07-07,2017,2000-07-07
1,2017-07-07,2017,2000-07-07
1,2017-07-07,2017,2000-07-07
1,2017-07-07,2017,2000-07-07
1,2017-07-07,2017,2000-07-07
1,2017-07-07,2017,2000-07-07
1,2017-07-07,2017,2000-07-07
1,2017-07-07,2017,2000-07-07
1,2017-07-07,2017,2000-07-07
1,2017-07-07,2017,2000-07-07
1,2017-07-07,2017,2000-07-07
1,2017-07-07,2017,2000-07-07
1,2017-07-07,2017,2000-07-07
1,2017-07-07,2017,2000-07-07
1,2017-07-07,2017,2000-07-07
1,2017-07-07,2017,2000-07-07
1,2017-07-07,2017,2000-07-07
1,2017-07-07,2017,2000-07-07
1,2017-07-07,2017,2000-07-07
1,2017-07-07,2017,2000-07-07
1,2017-07-07,2017,2000-07-07
1,2017-07-07,2017,2000-07-07
1,2017-07-07,2017,2000-07-07
1,2017-07-07,2017,2000-07-07
1,2017-07-07,2017,2000-07-07
1,2017-07-07,2017,2000-07-07
1,2017-07-07,2017,2000-07-07
1,2017-07-07,2017,2000-07-07
1,2017-07-07,2017,2000-07-07
1,2017-07-07,2017,2000-07-07
1,2017-07-07,2017,2000-07-07
1,2017-07-07,2017,2000-07-07
1,2017-07-07,2017,2000-07-07
1,2017-07-07,2017,2000-07-07
1,2017-07-07,2017,2000-07-07
1,2017-07-07,2017,2000-07-07
1,2017-07-07,2017,2000-07-07
1,2017-07-07,2017,2000-07-07
1,2017-07-07,2017,2000-07-07
1,2017-07-07,2017,2000-07-07
1,2017-07-07,2017,2000-07-07
1,2017-07-07,2017,2000-07-07
1,2017-07-07,2017,2000-07-07
1,2017-07-07,2017,2000-07-07
1,2017-07-07,2017,2000-07-07
1,2017-07-07,2017,2000-07-07
1,2017-07-07,2017,2000-07-07
1,2017-07-07,2017,2000-07-07
1,2017-07-07,2017,2000-07-07
1,2017-07-07,2017,2000-07-07
1,2017-07-07,2017,2000-07-07
1,2017-07-07,2017,2000-07-07
1,2017-07-07,2017,2000-07-07
1,2017-07-07,2017,2000-07-07
1,2017-07-07,2017,2000-07-07
1,2017-07-07,2017,2000-07-07
1,2017-07-07,2017,2000-07-07
1,2017-07-07,2017,2000-07-07
1,2017-07-07,2017,2000-07-07
1,2017-07-07,2017,2000-07-07
1,2017-07-07,2017,2000-07-07
1,2017-07-07,2017,2000-07-07
1,2017-07-07,2017,2000-07-07
1,2017-07-07,2017,2000-07-07
1,2017-07-07,2017,2000-07-07
1,2017-07-07,2017,2000-07-07
1,2017-07-07,2017,2000-07-07
1,2017-07-07,2017,2000-07-07
1,2017-07-07,2017,2000-07-07
1,2017-07-07,2017,2000-07-07
1,2017-07-07,2017,2000-07-07
1,2017-07-07,2017,2000-07-07
1,2017-07-07,2017,2000-07-07
1,2017-07-07,2017,2000-07-07
1,2017-07-07,2017,2000-07-07
1,2017-07-07,2017,2000-07-07
1,2017-07-07,2017,2000-07-07
1,2017-04-07,2017,2000-04-07
1,2017-04-07,2017,2000-04-07
1,2017-04-07,2017,2000-04-07
1,2017-04-07,2017,2000-04-07
1,2017-04-07,2017,2000-04-07
1,2017-04-07,2017,2000-04-07
1,2017-04-07,2017,2000-04-07
1,2017-04-07,2017,2000-04-07
1,2017-04-07,2017,2000-04-07
1,2017-04-07,2017,2000-04-07
1,2017-04-07,2017,2000-04-07
1,2017-04-07,2017,2000-04-07
1,2017-04-07,2017,2000-04-07
1,2017-04-07,2017,2000-04-07
1,2017-04-07,2017,2000-04-07
1,2017-04-07,2017,2000-04-07
1,2017-04-07,2017,2000-04-07
1,2017-04-07,2017,2000-04-07
1,2017-04-07,2017,2000-04-07
1,2017-04-07,2017,2000-04-07
1,2017-04-07,2017,2000-04-07
1,2017-04-07,2017,2000-04-07
1,2017-04-07,2017,2000-04-07
1,2017-04-07,2017,2000-04-07
1,2017-04-07,2017,2000-04-07
1,2017-04-07,2017,2000-04-07
1,2017-04-07,2017,2000-04-07
1,2017-04-07,2017,2000-04-07
1,2017-04-07,2017,2000-04-07
1,2017-04-07,2017,2000-04-07
1,2017-04-07,2017,2000-04-07
1,2017-04-07,2017,2000-04-07
1,2017-06-29,2017,2000-06-29
1,2017-06-29,2017,2000-06-29
1,2017-06-29,2017,2000-06-29
1,2017-06-29,2017,2000-06-29
1,2017-06-28,2017,2000-06-28
1,2017-06-28,2017,2000-06-28
1,2017-06-28,2017,2000-06-28
1,2017-06-28,2017,2000-06-28
1,2017-06-28,2017,2000-06-28
1,2017-06-28,2017,2000-06-28
1,2017-06-28,2017,2000-06-28
1,2017-06-28,2017,2000-06-28
1,2017-06-28,2017,2000-06-28
1,2017-06-28,2017,2000-06-28
1,2017-06-28,2017,2000-06-28
1,2017-06-28,2017,2000-06-28
1,2017-06-28,2017,2000-06-28
1,2017-06-28,2017,2000-06-28
1,2017-06-28,2017,2000-06-28
1,2017-06-28,2017,2000-06-28
1,2017-06-28,2017,2000-06-28
1,2017-06-28,2017,2000-06-28
1,2017-06-28,2017,2000-06-28
1,2017-06-28,2017,2000-06-28
1,2017-06-28,2017,2000-06-28
1,2017-06-28,2017,2000-06-28
1,2017-06-26,2017,2000-06-26
1,2017-06-26,2017,2000-06-26
1,2017-06-26,2017,2000-06-26
1,2017-06-26,2017,2000-06-26
1,2017-06-26,2017,2000-06-26
1,2017-06-26,2017,2000-06-26
1,2017-06-26,2017,2000-06-26
1,2017-06-26,2017,2000-06-26
1,2017-06-26,2017,2000-06-26
1,2017-06-26,2017,2000-06-26
1,2017-06-26,2017,2000-06-26
1,2017-06-26,2017,2000-06-26
1,2017-06-26,2017,2000-06-26
1,2017-06-26,2017,2000-06-26
1,2017-06-26,2017,2000-06-26
1,2017-06-26,2017,2000-06-26
1,2017-06-26,2017,2000-06-26
1,2017-06-26,2017,2000-06-26
1,2017-06-26,2017,2000-06-26
1,2017-06-26,2017,2000-06-26
1,2017-06-26,2017,2000-06-26
1,2017-06-26,2017,2000-06-26
1,2017-06-26,2017,2000-06-26
1,2017-06-26,2017,2000-06-26
1,2017-06-26,2017,2000-06-26
1,2017-06-26,2017,2000-06-26
1,2017-06-26,2017,2000-06-26
1,2017-06-26,2017,2000-06-26
1,2017-06-26,2017,2000-06-26
1,2017-06-23,2017,2000-06-23
1,2017-06-23,2017,2000-06-23
1,2017-06-23,2017,2000-06-23
1,2017-06-23,2017,2000-06-23
1,2017-06-22,2017,2000-06-22
1,2017-06-22,2017,2000-06-22
1,2017-06-22,2017,2000-06-22
1,2017-06-22,2017,2000-06-22
1,2017-06-22,2017,2000-06-22
1,2017-06-22,2017,2000-06-22
1,2017-06-22,2017,2000-06-22
1,2017-06-22,2017,2000-06-22
1,2017-06-22,2017,2000-06-22
1,2017-06-22,2017,2000-06-22
1,2017-06-22,2017,2000-06-22
1,2017-06-22,2017,2000-06-22
1,2017-06-22,2017,2000-06-22
1,2017-06-22,2017,2000-06-22
1,2017-06-22,2017,2000-06-22
1,2017-06-22,2017,2000-06-22
1,2017-06-22,2017,2000-06-22
1,2017-06-22,2017,2000-06-22
1,2017-06-22,2017,2000-06-22
1,2017-06-22,2017,2000-06-22
1,2017-06-22,2017,2000-06-22
1,2017-06-22,2017,2000-06-22
1,2017-06-22,2017,2000-06-22
1,2017-06-22,2017,2000-06-22
1,2017-06-22,2017,2000-06-22
1,2017-06-16,2017,2000-06-16
1,2017-06-16,2017,2000-06-16
1,2017-06-16,2017,2000-06-16
1,2017-06-16,2017,2000-06-16
1,2017-06-16,2017,2000-06-16
1,2017-06-16,2017,2000-06-16
1,2017-06-16,2017,2000-06-16
1,2017-06-16,2017,2000-06-16
1,2017-06-16,2017,2000-06-16
1,2017-06-16,2017,2000-06-16
1,2017-06-16,2017,2000-06-16
1,2017-06-16,2017,2000-06-16
1,2017-06-16,2017,2000-06-16
1,2017-06-16,2017,2000-06-16
1,2017-06-16,2017,2000-06-16
1,2017-06-16,2017,2000-06-16
1,2017-06-16,2017,2000-06-16
1,2017-06-16,2017,2000-06-16
1,2017-06-16,2017,2000-06-16
1,2017-06-16,2017,2000-06-16
1,2017-06-16,2017,2000-06-16
1,2017-06-16,2017,2000-06-16
1,2017-06-16,2017,2000-06-16
1,2017-06-13,2017,2000-06-13
1,2017-06-13,2017,2000-06-13
1,2017-06-13,2017,2000-06-13
1,2017-06-13,2017,2000-06-13
1,2017-06-13,2017,2000-06-13
1,2017-06-13,2017,2000-06-13
1,2017-06-13,2017,2000-06-13
1,2017-06-13,2017,2000-06-13
1,2017-06-13,2017,2000-06-13
1,2017-06-13,2017,2000-06-13
1,2017-06-13,2017,2000-06-13
1,2017-06-13,2017,2000-06-13
1,2017-06-13,2017,2000-06-13
1,2017-06-13,2017,2000-06-13
1,2017-06-13,2017,2000-06-13
1,2017-06-13,2017,2000-06-13
1,2017-06-13,2017,2000-06-13
1,2017-06-13,2017,2000-06-13
1,2017-06-13,2017,2000-06-13
1,2017-06-13,2017,2000-06-13
1,2017-06-13,2017,2000-06-13
1,2017-06-13,2017,2000-06-13
1,2017-06-13,2017,2000-06-13
1,2017-06-13,2017,2000-06-13
1,2017-06-13,2017,2000-06-13
1,2017-06-13,2017,2000-06-13
1,2017-06-13,2017,2000-06-13
1,2017-06-13,2017,2000-06-13
1,2017-06-13,2017,2000-06-13
1,2017-06-13,2017,2000-06-13
1,2017-12-06,2017,2000-12-06
1,2017-12-06,2017,2000-12-06
1,2017-12-06,2017,2000-12-06
1,2017-12-06,2017,2000-12-06
1,2017-12-06,2017,2000-12-06
1,2017-12-06,2017,2000-12-06
1,2017-12-06,2017,2000-12-06
1,2017-09-06,2017,2000-09-06
1,2017-09-06,2017,2000-09-06
1,2017-09-06,2017,2000-09-06
1,2017-09-06,2017,2000-09-06
1,2017-09-06,2017,2000-09-06
1,2017-09-06,2017,2000-09-06
1,2017-09-06,2017,2000-09-06
1,2017-09-06,2017,2000-09-06
1,2017-09-06,2017,2000-09-06
1,2017-09-06,2017,2000-09-06
1,2017-09-06,2017,2000-09-06
1,2017-09-06,2017,2000-09-06
1,2017-09-06,2017,2000-09-06
1,2017-09-06,2017,2000-09-06
1,2017-09-06,2017,2000-09-06
1,2017-09-06,2017,2000-09-06
1,2017-09-06,2017,2000-09-06
1,2017-09-06,2017,2000-09-06
1,2017-09-06,2017,2000-09-06
1,2017-09-06,2017,2000-09-06
1,2017-09-06,2017,2000-09-06
1,2017-09-06,2017,2000-09-06
1,2017-09-06,2017,2000-09-06
1,2017-09-06,2017,2000-09-06
1,2017-09-06,2017,2000-09-06
1,2017-09-06,2017,2000-09-06
1,2017-09-06,2017,2000-09-06
1,2017-09-06,2017,2000-09-06
1,2017-09-06,2017,2000-09-06
1,2017-09-06,2017,2000-09-06
1,2017-09-06,2017,2000-09-06
1,2017-09-06,2017,2000-09-06
1,2017-09-06,2017,2000-09-06
1,2017-09-06,2017,2000-09-06
1,2017-09-06,2017,2000-09-06
1,2017-09-06,2017,2000-09-06
1,2017-09-06,2017,2000-09-06
1,2017-09-06,2017,2000-09-06
1,2017-09-06,2017,2000-09-06
1,2017-09-06,2017,2000-09-06
1,2017-08-06,2017,2000-08-06
1,2017-08-06,2017,2000-08-06
1,2017-08-06,2017,2000-08-06
1,2017-08-06,2017,2000-08-06
1,2017-08-06,2017,2000-08-06
1,2017-08-06,2017,2000-08-06
1,2017-08-06,2017,2000-08-06
1,2017-08-06,2017,2000-08-06
1,2017-08-06,2017,2000-08-06
1,2017-08-06,2017,2000-08-06
1,2017-08-06,2017,2000-08-06
1,2017-08-06,2017,2000-08-06
1,2017-08-06,2017,2000-08-06
1,2017-08-06,2017,2000-08-06
1,2017-08-06,2017,2000-08-06
1,2017-08-06,2017,2000-08-06
1,2017-08-06,2017,2000-08-06
1,2017-08-06,2017,2000-08-06
1,2017-08-06,2017,2000-08-06
1,2017-08-06,2017,2000-08-06
1,2017-08-06,2017,2000-08-06
1,2017-08-06,2017,2000-08-06
1,2017-08-06,2017,2000-08-06
1,2017-08-06,2017,2000-08-06
1,2017-08-06,2017,2000-08-06
1,2017-08-06,2017,2000-08-06
1,2017-08-06,2017,2000-08-06
1,2017-07-06,2017,2000-07-06
1,2017-07-06,2017,2000-07-06
1,2017-07-06,2017,2000-07-06
1,2017-07-06,2017,2000-07-06
1,2017-07-06,2017,2000-07-06
1,2017-07-06,2017,2000-07-06
1,2017-07-06,2017,2000-07-06
1,2017-07-06,2017,2000-07-06
1,2017-07-06,2017,2000-07-06
1,2017-07-06,2017,2000-07-06
1,2017-07-06,2017,2000-07-06
1,2017-07-06,2017,2000-07-06
1,2017-07-06,2017,2000-07-06
1,2017-07-06,2017,2000-07-06
1,2017-07-06,2017,2000-07-06
1,2017-07-06,2017,2000-07-06
1,2017-07-06,2017,2000-07-06
1,2017-07-06,2017,2000-07-06
1,2017-07-06,2017,2000-07-06
1,2017-07-06,2017,2000-07-06
1,2017-07-06,2017,2000-07-06
1,2017-07-06,2017,2000-07-06
1,2017-07-06,2017,2000-07-06
1,2017-07-06,2017,2000-07-06
1,2017-07-06,2017,2000-07-06
1,2017-07-06,2017,2000-07-06
1,2017-07-06,2017,2000-07-06
1,2017-07-06,2017,2000-07-06
1,2017-07-06,2017,2000-07-06
1,2017-07-06,2017,2000-07-06
1,2017-07-06,2017,2000-07-06
1,2017-07-06,2017,2000-07-06
1,2017-07-06,2017,2000-07-06
1,2017-07-06,2017,2000-07-06
1,2017-07-06,2017,2000-07-06
1,2017-07-06,2017,2000-07-06
1,2017-06-06,2017,2000-06-06
1,2017-06-06,2017,2000-06-06
1,2017-06-06,2017,2000-06-06
1,2017-06-06,2017,2000-06-06
1,2017-06-06,2017,2000-06-06
1,2017-06-06,2017,2000-06-06
1,2017-06-06,2017,2000-06-06
1,2017-06-06,2017,2000-06-06
1,2017-06-06,2017,2000-06-06
1,2017-06-06,2017,2000-06-06
1,2017-06-06,2017,2000-06-06
1,2017-06-06,2017,2000-06-06
1,2017-06-06,2017,2000-06-06
1,2017-06-06,2017,2000-06-06
1,2017-06-06,2017,2000-06-06
1,2017-06-06,2017,2000-06-06
1,2017-06-06,2017,2000-06-06
1,2017-06-06,2017,2000-06-06
1,2017-06-06,2017,2000-06-06
1,2017-06-06,2017,2000-06-06
1,2017-06-06,2017,2000-06-06
1,2017-06-06,2017,2000-06-06
1,2017-06-06,2017,2000-06-06
1,2017-06-06,2017,2000-06-06
1,2017-06-06,2017,2000-06-06
1,2017-06-06,2017,2000-06-06
1,2017-06-06,2017,2000-06-06
1,2017-06-06,2017,2000-06-06
1,2017-06-06,2017,2000-06-06
1,2017-06-06,2017,2000-06-06
1,2017-06-06,2017,2000-06-06
1,2017-06-06,2017,2000-06-06
1,2017-06-06,2017,2000-06-06
1,2017-06-06,2017,2000-06-06
1,2017-06-06,2017,2000-06-06
1,2017-06-06,2017,2000-06-06
1,2017-06-06,2017,2000-06-06
1,2017-06-06,2017,2000-06-06
1,2017-06-06,2017,2000-06-06
1,2017-06-06,2017,2000-06-06
1,2017-06-06,2017,2000-06-06
1,2017-06-06,2017,2000-06-06
1,2017-06-06,2017,2000-06-06
1,2017-06-06,2017,2000-06-06
1,2017-06-06,2017,2000-06-06
1,2017-06-06,2017,2000-06-06
1,2017-06-06,2017,2000-06-06
1,2017-06-06,2017,2000-06-06
1,2017-06-06,2017,2000-06-06
1,2017-06-06,2017,2000-06-06
1,2017-06-06,2017,2000-06-06
1,2017-06-06,2017,2000-06-06
1,2017-06-06,2017,2000-06-06
1,2017-06-06,2017,2000-06-06
1,2017-06-06,2017,2000-06-06
1,2017-06-06,2017,2000-06-06
1,2017-06-06,2017,2000-06-06
1,2017-06-06,2017,2000-06-06
1,2017-02-06,2017,2000-02-06
1,2017-02-06,2017,2000-02-06
1,2017-02-06,2017,2000-02-06
1,2017-02-06,2017,2000-02-06
1,2017-02-06,2017,2000-02-06
1,2017-02-06,2017,2000-02-06
1,2017-02-06,2017,2000-02-06
1,2017-02-06,2017,2000-02-06
1,2017-02-06,2017,2000-02-06
1,2017-02-06,2017,2000-02-06
1,2017-02-06,2017,2000-02-06
1,2017-02-06,2017,2000-02-06
1,2017-02-06,2017,2000-02-06
1,2017-02-06,2017,2000-02-06
1,2017-02-06,2017,2000-02-06
1,2017-02-06,2017,2000-02-06
1,2017-02-06,2017,2000-02-06
1,2017-02-06,2017,2000-02-06
1,2017-02-06,2017,2000-02-06
1,2017-01-06,2017,2000-01-06
1,2017-01-06,2017,2000-01-06
1,2017-01-06,2017,2000-01-06
1,2017-01-06,2017,2000-01-06
1,2017-01-06,2017,2000-01-06
1,2017-05-22,2017,2000-05-22
1,2017-05-22,2017,2000-05-22
1,2017-05-19,2017,2000-05-19
1,2017-05-19,2017,2000-05-19
1,2017-05-19,2017,2000-05-19
1,2017-05-19,2017,2000-05-19
1,2017-05-19,2017,2000-05-19
1,2017-05-19,2017,2000-05-19
1,2017-05-19,2017,2000-05-19
1,2017-05-19,2017,2000-05-19
1,2017-05-19,2017,2000-05-19
1,2017-05-19,2017,2000-05-19
1,2017-05-19,2017,2000-05-19
1,2017-05-19,2017,2000-05-19
1,2017-05-17,2017,2000-05-17
1,2017-05-17,2017,2000-05-17
1,2017-05-17,2017,2000-05-17
1,2017-05-17,2017,2000-05-17
1,2017-05-17,2017,2000-05-17
1,2017-05-17,2017,2000-05-17
1,2017-05-17,2017,2000-05-17
1,2017-05-17,2017,2000-05-17
1,2017-05-17,2017,2000-05-17
1,2017-05-17,2017,2000-05-17
1,2017-05-17,2017,2000-05-17
1,2017-05-17,2017,2000-05-17
1,2017-05-17,2017,2000-05-17
1,2017-05-17,2017,2000-05-17
1,2017-05-17,2017,2000-05-17
1,2017-05-17,2017,2000-05-17
1,2017-05-17,2017,2000-05-17
1,2017-05-16,2017,2000-05-16
1,2017-05-16,2017,2000-05-16
1,2017-05-16,2017,2000-05-16
1,2017-05-16,2017,2000-05-16
1,2017-05-16,2017,2000-05-16
1,2017-05-16,2017,2000-05-16
1,2017-05-16,2017,2000-05-16
1,2017-05-16,2017,2000-05-16
1,2017-05-16,2017,2000-05-16
1,2017-05-16,2017,2000-05-16
1,2017-05-16,2017,2000-05-16
1,2017-05-16,2017,2000-05-16
1,2017-05-16,2017,2000-05-16
1,2017-05-16,2017,2000-05-16
1,2017-05-16,2017,2000-05-16
1,2017-05-16,2017,2000-05-16
1,2017-05-16,2017,2000-05-16
1,2017-05-16,2017,2000-05-16
1,2017-05-16,2017,2000-05-16
1,2017-05-16,2017,2000-05-16
1,2017-05-15,2017,2000-05-15
1,2017-05-15,2017,2000-05-15
1,2017-05-15,2017,2000-05-15
1,2017-05-15,2017,2000-05-15
1,2017-05-15,2017,2000-05-15
1,2017-05-15,2017,2000-05-15
1,2017-05-15,2017,2000-05-15
1,2017-05-15,2017,2000-05-15
1,2017-05-15,2017,2000-05-15
1,2017-05-15,2017,2000-05-15
1,2017-05-15,2017,2000-05-15
1,2017-05-15,2017,2000-05-15
1,2017-05-15,2017,2000-05-15
1,2017-05-15,2017,2000-05-15
1,2017-05-15,2017,2000-05-15
1,2017-05-15,2017,2000-05-15
1,2017-05-15,2017,2000-05-15
1,2017-05-15,2017,2000-05-15
1,2017-05-15,2017,2000-05-15
1,2017-05-15,2017,2000-05-15
1,2017-11-05,2017,2000-11-05
1,2017-11-05,2017,2000-11-05
1,2017-11-05,2017,2000-11-05
1,2017-11-05,2017,2000-11-05
1,2017-11-05,2017,2000-11-05
1,2017-11-05,2017,2000-11-05
1,2017-11-05,2017,2000-11-05
1,2017-11-05,2017,2000-11-05
1,2017-11-05,2017,2000-11-05
1,2017-11-05,2017,2000-11-05
1,2017-11-05,2017,2000-11-05
1,2017-11-05,2017,2000-11-05
1,2017-02-05,2017,2000-02-05
1,2017-04-21,2017,2000-04-21
1,2017-04-21,2017,2000-04-21
1,2017-04-21,2017,2000-04-21
1,2017-04-21,2017,2000-04-21
1,2017-04-13,2017,2000-04-13
1,2017-04-13,2017,2000-04-13
1,2017-04-13,2017,2000-04-13
1,2017-04-13,2017,2000-04-13
1,2017-04-13,2017,2000-04-13
1,2017-04-13,2017,2000-04-13
1,2017-04-13,2017,2000-04-13
1,2017-04-13,2017,2000-04-13
1,2017-04-13,2017,2000-04-13
1,2017-04-13,2017,2000-04-13
1,2017-04-13,2017,2000-04-13
1,2017-04-13,2017,2000-04-13
1,2017-04-13,2017,2000-04-13
1,2017-04-13,2017,2000-04-13
1,2017-04-13,2017,2000-04-13
1,2017-10-04,2017,2000-10-04
1,2017-10-04,2017,2000-10-04
1,2017-10-04,2017,2000-10-04
1,2017-10-04,2017,2000-10-04
1,2017-10-04,2017,2000-10-04
1,2017-10-04,2017,2000-10-04
1,2017-10-04,2017,2000-10-04
1,2017-10-04,2017,2000-10-04
1,2017-10-04,2017,2000-10-04
1,2017-09-04,2017,2000-09-04
1,2017-09-04,2017,2000-09-04
1,2017-09-04,2017,2000-09-04
1,2017-09-04,2017,2000-09-04
1,2017-09-04,2017,2000-09-04
1,2017-09-04,2017,2000-09-04
1,2017-06-04,2017,2000-06-04
1,2017-06-04,2017,2000-06-04
1,2017-06-04,2017,2000-06-04
1,2017-06-04,2017,2000-06-04
1,2017-06-04,2017,2000-06-04
1,2017-06-04,2017,2000-06-04
1,2017-06-04,2017,2000-06-04
1,2017-06-04,2017,2000-06-04
1,2017-06-04,2017,2000-06-04
1,2017-06-04,2017,2000-06-04
1,2017-06-04,2017,2000-06-04
1,2017-06-04,2017,2000-06-04
1,2017-06-04,2017,2000-06-04
1,2017-06-04,2017,2000-06-04
1,2017-06-04,2017,2000-06-04
1,2017-06-04,2017,2000-06-04
1,2017-06-04,2017,2000-06-04
1,2017-06-04,2017,2000-06-04
1,2017-06-04,2017,2000-06-04
1,2017-06-04,2017,2000-06-04
1,2017-06-04,2017,2000-06-04
1,2017-06-04,2017,2000-06-04
1,2017-06-04,2017,2000-06-04
1,2017-06-04,2017,2000-06-04
1,2017-06-04,2017,2000-06-04
1,2017-06-04,2017,2000-06-04
1,2017-06-04,2017,2000-06-04
1,2017-06-04,2017,2000-06-04
1,2017-06-04,2017,2000-06-04
1,2017-06-04,2017,2000-06-04
1,2017-06-04,2017,2000-06-04
1,2017-06-04,2017,2000-06-04
1,2017-06-04,2017,2000-06-04
1,2017-06-04,2017,2000-06-04
1,2017-06-04,2017,2000-06-04
1,2017-05-04,2017,2000-05-04
1,2017-05-04,2017,2000-05-04
1,2017-05-04,2017,2000-05-04
1,2017-05-04,2017,2000-05-04
1,2017-05-04,2017,2000-05-04
1,2017-05-04,2017,2000-05-04
1,2017-05-04,2017,2000-05-04
1,2017-05-04,2017,2000-05-04
1,2017-05-04,2017,2000-05-04
1,2017-05-04,2017,2000-05-04
1,2017-05-04,2017,2000-05-04
1,2017-05-04,2017,2000-05-04
1,2017-05-04,2017,2000-05-04
1,2017-05-04,2017,2000-05-04
1,2017-05-04,2017,2000-05-04
1,2017-05-04,2017,2000-05-04
1,2017-05-04,2017,2000-05-04
1,2017-05-04,2017,2000-05-04
1,2017-05-04,2017,2000-05-04
1,2017-05-04,2017,2000-05-04
1,2017-05-04,2017,2000-05-04
1,2017-05-04,2017,2000-05-04
1,2017-05-04,2017,2000-05-04
1,2017-05-04,2017,2000-05-04
1,2017-05-04,2017,2000-05-04
1,2017-05-04,2017,2000-05-04
1,2017-05-04,2017,2000-05-04
1,2017-05-04,2017,2000-05-04
1,2017-05-04,2017,2000-05-04
1,2017-05-04,2017,2000-05-04
1,2017-05-04,2017,2000-05-04
1,2017-05-04,2017,2000-05-04
1,2017-05-04,2017,2000-05-04
1,2017-05-04,2017,2000-05-04
1,2017-05-04,2017,2000-05-04
1,2017-05-04,2017,2000-05-04
1,2017-05-04,2017,2000-05-04
1,2017-05-04,2017,2000-05-04
1,2017-05-04,2017,2000-05-04
1,2017-05-04,2017,2000-05-04
1,2017-05-04,2017,2000-05-04
1,2017-05-04,2017,2000-05-04
1,2017-05-04,2017,2000-05-04
1,2017-05-04,2017,2000-05-04
1,2017-05-04,2017,2000-05-04
1,2017-05-04,2017,2000-05-04
1,2017-05-04,2017,2000-05-04
1,2017-05-04,2017,2000-05-04
1,2017-05-04,2017,2000-05-04
1,2017-05-04,2017,2000-05-04
1,2017-03-31,2017,2000-03-31
1,2017-03-31,2017,2000-03-31
1,2017-03-31,2017,2000-03-31
1,2017-03-31,2017,2000-03-31
1,2017-03-31,2017,2000-03-31
1,2017-03-31,2017,2000-03-31
1,2017-03-31,2017,2000-03-31
1,2017-03-31,2017,2000-03-31
1,2017-03-31,2017,2000-03-31
1,2017-03-31,2017,2000-03-31
1,2017-03-31,2017,2000-03-31
1,2017-03-31,2017,2000-03-31
1,2017-03-31,2017,2000-03-31
1,2017-03-31,2017,2000-03-31
1,2017-03-31,2017,2000-03-31
1,2017-03-31,2017,2000-03-31
1,2017-03-31,2017,2000-03-31
1,2017-03-31,2017,2000-03-31
1,2017-03-31,2017,2000-03-31
1,2017-03-31,2017,2000-03-31
1,2017-03-31,2017,2000-03-31
1,2017-03-31,2017,2000-03-31
1,2017-03-31,2017,2000-03-31
1,2017-03-31,2017,2000-03-31
1,2017-03-31,2017,2000-03-31
1,2017-03-31,2017,2000-03-31
1,2017-03-31,2017,2000-03-31
1,2017-03-31,2017,2000-03-31
1,2017-03-31,2017,2000-03-31
1,2017-03-31,2017,2000-03-31
1,2017-03-31,2017,2000-03-31
1,2017-03-31,2017,2000-03-31
1,2017-03-31,2017,2000-03-31
1,2017-03-31,2017,2000-03-31
1,2017-03-31,2017,2000-03-31
1,2017-03-31,2017,2000-03-31
1,2017-03-31,2017,2000-03-31
1,2017-03-31,2017,2000-03-31
1,2017-03-31,2017,2000-03-31
1,2017-03-31,2017,2000-03-31
1,2017-03-31,2017,2000-03-31
1,2017-03-31,2017,2000-03-31
1,2017-03-31,2017,2000-03-31
1,2017-03-31,2017,2000-03-31
1,2017-03-31,2017,2000-03-31
1,2017-03-31,2017,2000-03-31
1,2017-03-31,2017,2000-03-31
1,2017-03-31,2017,2000-03-31
1,2017-03-31,2017,2000-03-31
1,2017-03-31,2017,2000-03-31
1,2017-03-31,2017,2000-03-31
1,2017-03-31,2017,2000-03-31
1,2017-03-31,2017,2000-03-31
1,2017-03-31,2017,2000-03-31
1,2017-03-31,2017,2000-03-31
1,2017-03-31,2017,2000-03-31
1,2017-03-31,2017,2000-03-31
1,2017-03-31,2017,2000-03-31
1,2017-03-31,2017,2000-03-31
1,2017-03-31,2017,2000-03-31
1,2017-03-31,2017,2000-03-31
1,2017-03-31,2017,2000-03-31
1,2017-03-31,2017,2000-03-31
1,2017-03-31,2017,2000-03-31
1,2017-03-31,2017,2000-03-31
1,2017-03-31,2017,2000-03-31
1,2017-03-31,2017,2000-03-31
1,2017-03-31,2017,2000-03-31
1,2017-03-31,2017,2000-03-31
1,2017-03-31,2017,2000-03-31
1,2017-03-31,2017,2000-03-31
1,2017-03-31,2017,2000-03-31
1,2017-03-31,2017,2000-03-31
1,2017-03-31,2017,2000-03-31
1,2017-03-31,2017,2000-03-31
1,2017-03-31,2017,2000-03-31
1,2017-03-31,2017,2000-03-31
1,2017-03-31,2017,2000-03-31
1,2017-03-31,2017,2000-03-31
1,2017-03-31,2017,2000-03-31
1,2017-03-31,2017,2000-03-31
1,2017-03-31,2017,2000-03-31
1,2017-03-31,2017,2000-03-31
1,2017-03-31,2017,2000-03-31
1,2017-03-31,2017,2000-03-31
1,2017-03-31,2017,2000-03-31
1,2017-03-31,2017,2000-03-31
1,2017-03-31,2017,2000-03-31
1,2017-03-31,2017,2000-03-31
1,2017-03-31,2017,2000-03-31
1,2017-03-31,2017,2000-03-31
1,2017-03-31,2017,2000-03-31
1,2017-03-31,2017,2000-03-31
1,2017-03-31,2017,2000-03-31
1,2017-03-31,2017,2000-03-31
1,2017-03-31,2017,2000-03-31
1,2017-03-31,2017,2000-03-31
1,2017-03-31,2017,2000-03-31
1,2017-03-31,2017,2000-03-31
1,2017-03-31,2017,2000-03-31
1,2017-03-31,2017,2000-03-31
1,2017-03-31,2017,2000-03-31
1,2017-03-31,2017,2000-03-31
1,2017-03-31,2017,2000-03-31
1,2017-03-31,2017,2000-03-31
1,2017-03-31,2017,2000-03-31
1,2017-03-31,2017,2000-03-31
1,2017-03-31,2017,2000-03-31
1,2017-03-31,2017,2000-03-31
1,2017-03-31,2017,2000-03-31
1,2017-03-29,2017,2000-03-29
1,2017-03-29,2017,2000-03-29
1,2017-03-20,2017,2000-03-20
1,2017-03-20,2017,2000-03-20
1,2017-03-20,2017,2000-03-20
1,2017-03-20,2017,2000-03-20
1,2017-03-20,2017,2000-03-20
1,2017-03-20,2017,2000-03-20
1,2017-03-20,2017,2000-03-20
1,2017-03-20,2017,2000-03-20
1,2017-03-13,2017,2000-03-13
1,2017-03-13,2017,2000-03-13
1,2017-03-13,2017,2000-03-13
1,2017-03-13,2017,2000-03-13
1,2017-03-13,2017,2000-03-13
1,2017-03-13,2017,2000-03-13
1,2017-03-13,2017,2000-03-13
1,2017-03-13,2017,2000-03-13
1,2017-03-13,2017,2000-03-13
1,2017-03-13,2017,2000-03-13
1,2017-03-13,2017,2000-03-13
1,2017-03-13,2017,2000-03-13
1,2017-03-13,2017,2000-03-13
1,2017-03-13,2017,2000-03-13
1,2017-03-13,2017,2000-03-13
1,2017-03-13,2017,2000-03-13
1,2017-03-13,2017,2000-03-13
1,2017-03-13,2017,2000-03-13
1,2017-03-13,2017,2000-03-13
1,2017-03-13,2017,2000-03-13
1,2017-03-13,2017,2000-03-13
1,2017-03-13,2017,2000-03-13
1,2017-03-13,2017,2000-03-13
1,2017-03-13,2017,2000-03-13
1,2017-03-13,2017,2000-03-13
1,2017-03-13,2017,2000-03-13
1,2017-03-13,2017,2000-03-13
1,2017-03-13,2017,2000-03-13
1,2017-03-13,2017,2000-03-13
1,2017-03-13,2017,2000-03-13
1,2017-03-13,2017,2000-03-13
1,2017-03-13,2017,2000-03-13
1,2017-03-17,2017,2000-03-17
1,2017-03-17,2017,2000-03-17
1,2017-03-17,2017,2000-03-17
1,2017-03-17,2017,2000-03-17
1,2017-03-15,2017,2000-03-15
1,2017-03-15,2017,2000-03-15
1,2017-03-15,2017,2000-03-15
1,2017-03-15,2017,2000-03-15
1,2017-03-15,2017,2000-03-15
1,2017-03-15,2017,2000-03-15
1,2017-03-15,2017,2000-03-15
1,2017-03-15,2017,2000-03-15
1,2017-03-15,2017,2000-03-15
1,2017-03-15,2017,2000-03-15
1,2017-03-15,2017,2000-03-15
1,2017-03-15,2017,2000-03-15
1,2017-03-15,2017,2000-03-15
1,2017-03-15,2017,2000-03-15
1,2017-03-15,2017,2000-03-15
1,2017-03-14,2017,2000-03-14
1,2017-03-14,2017,2000-03-14
1,2017-03-14,2017,2000-03-14
1,2017-03-14,2017,2000-03-14
1,2017-03-14,2017,2000-03-14
1,2017-03-14,2017,2000-03-14
1,2017-03-14,2017,2000-03-14
1,2017-03-14,2017,2000-03-14
1,2017-03-14,2017,2000-03-14
1,2017-03-14,2017,2000-03-14
1,2017-03-14,2017,2000-03-14
1,2017-03-14,2017,2000-03-14
1,2017-03-14,2017,2000-03-14
1,2017-03-14,2017,2000-03-14
1,2017-03-14,2017,2000-03-14
1,2017-03-14,2017,2000-03-14
1,2017-03-14,2017,2000-03-14
1,2017-03-14,2017,2000-03-14
1,2017-03-14,2017,2000-03-14
1,2017-03-14,2017,2000-03-14
1,2017-03-14,2017,2000-03-14
1,2017-03-14,2017,2000-03-14
1,2017-03-14,2017,2000-03-14
1,2017-03-14,2017,2000-03-14
1,2017-03-14,2017,2000-03-14
1,2017-03-14,2017,2000-03-14
1,2017-03-14,2017,2000-03-14
1,2017-03-14,2017,2000-03-14
1,2017-03-14,2017,2000-03-14
1,2017-03-14,2017,2000-03-14
1,2017-03-14,2017,2000-03-14
1,2017-03-14,2017,2000-03-14
1,2017-03-14,2017,2000-03-14
1,2017-03-14,2017,2000-03-14
1,2017-03-14,2017,2000-03-14
1,2017-03-14,2017,2000-03-14
1,2017-03-14,2017,2000-03-14
1,2017-03-14,2017,2000-03-14
1,2017-03-14,2017,2000-03-14
1,2017-03-14,2017,2000-03-14
1,2017-08-03,2017,2000-08-03
1,2017-08-03,2017,2000-08-03
1,2017-08-03,2017,2000-08-03
1,2017-08-03,2017,2000-08-03
1,2017-08-03,2017,2000-08-03
1,2017-08-03,2017,2000-08-03
1,2017-08-03,2017,2000-08-03
1,2017-08-03,2017,2000-08-03
1,2017-08-03,2017,2000-08-03
1,2017-08-03,2017,2000-08-03
1,2017-08-03,2017,2000-08-03
1,2017-08-03,2017,2000-08-03
1,2017-08-03,2017,2000-08-03
1,2017-08-03,2017,2000-08-03
1,2017-08-03,2017,2000-08-03
1,2017-08-03,2017,2000-08-03
1,2017-08-03,2017,2000-08-03
1,2017-08-03,2017,2000-08-03
1,2017-08-03,2017,2000-08-03
1,2017-08-03,2017,2000-08-03
1,2017-08-03,2017,2000-08-03
1,2017-08-03,2017,2000-08-03
1,2017-08-03,2017,2000-08-03
1,2017-08-03,2017,2000-08-03
1,2017-08-03,2017,2000-08-03
1,2017-08-03,2017,2000-08-03
1,2017-08-03,2017,2000-08-03
1,2017-08-03,2017,2000-08-03
1,2017-08-03,2017,2000-08-03
1,2017-08-03,2017,2000-08-03
1,2017-07-03,2017,2000-07-03
1,2017-07-03,2017,2000-07-03
1,2017-07-03,2017,2000-07-03
1,2017-07-03,2017,2000-07-03
1,2017-07-03,2017,2000-07-03
1,2017-03-03,2017,2000-03-03
1,2017-03-03,2017,2000-03-03
1,2017-03-03,2017,2000-03-03
1,2017-03-03,2017,2000-03-03
1,2017-03-03,2017,2000-03-03
1,2017-03-03,2017,2000-03-03
1,2017-03-03,2017,2000-03-03
1,2017-03-03,2017,2000-03-03
1,2017-03-03,2017,2000-03-03
1,2017-03-03,2017,2000-03-03
1,2017-03-03,2017,2000-03-03
1,2017-03-03,2017,2000-03-03
1,2017-02-22,2017,2000-02-22
1,2017-02-22,2017,2000-02-22
1,2017-02-22,2017,2000-02-22
1,2017-02-21,2017,2000-02-21
1,2017-02-21,2017,2000-02-21
1,2017-02-21,2017,2000-02-21
1,2017-02-21,2017,2000-02-21
1,2017-02-21,2017,2000-02-21
1,2017-02-21,2017,2000-02-21
1,2017-02-21,2017,2000-02-21
1,2017-02-21,2017,2000-02-21
1,2017-02-21,2017,2000-02-21
1,2017-02-21,2017,2000-02-21
1,2017-02-21,2017,2000-02-21
1,2017-02-21,2017,2000-02-21
1,2017-02-21,2017,2000-02-21
1,2017-02-21,2017,2000-02-21
1,2017-02-21,2017,2000-02-21
1,2017-02-21,2017,2000-02-21
1,2017-02-21,2017,2000-02-21
1,2017-02-17,2017,2000-02-17
1,2017-02-17,2017,2000-02-17
1,2017-02-17,2017,2000-02-17
1,2017-02-17,2017,2000-02-17
1,2017-02-17,2017,2000-02-17
1,2017-02-17,2017,2000-02-17
1,2017-02-17,2017,2000-02-17
1,2017-02-17,2017,2000-02-17
1,2017-02-17,2017,2000-02-17
1,2017-02-17,2017,2000-02-17
1,2017-02-17,2017,2000-02-17
1,2017-02-17,2017,2000-02-17
1,2017-02-17,2017,2000-02-17
1,2017-02-17,2017,2000-02-17
1,2017-02-17,2017,2000-02-17
1,2017-02-17,2017,2000-02-17
1,2017-02-17,2017,2000-02-17
1,2017-02-17,2017,2000-02-17
1,2017-02-17,2017,2000-02-17
1,2017-02-17,2017,2000-02-17
1,2017-02-16,2017,2000-02-16
1,2017-02-16,2017,2000-02-16
1,2017-02-16,2017,2000-02-16
1,2017-02-16,2017,2000-02-16
1,2017-02-16,2017,2000-02-16
1,2017-02-14,2017,2000-02-14
1,2017-02-14,2017,2000-02-14
1,2017-02-14,2017,2000-02-14
1,2017-02-14,2017,2000-02-14
1,2017-02-14,2017,2000-02-14
1,2017-02-14,2017,2000-02-14
1,2017-02-14,2017,2000-02-14
1,2017-02-14,2017,2000-02-14
1,2017-02-14,2017,2000-02-14
1,2017-02-14,2017,2000-02-14
1,2017-02-14,2017,2000-02-14
1,2017-02-14,2017,2000-02-14
1,2017-02-14,2017,2000-02-14
1,2017-02-14,2017,2000-02-14
1,2017-02-14,2017,2000-02-14
1,2017-02-14,2017,2000-02-14
1,2017-02-14,2017,2000-02-14
1,2017-02-14,2017,2000-02-14
1,2017-02-14,2017,2000-02-14
1,2017-02-14,2017,2000-02-14
1,2017-02-14,2017,2000-02-14
1,2017-02-14,2017,2000-02-14
1,2017-02-14,2017,2000-02-14
1,2017-02-14,2017,2000-02-14
1,2017-02-14,2017,2000-02-14
1,2017-02-14,2017,2000-02-14
1,2017-02-14,2017,2000-02-14
1,2017-02-14,2017,2000-02-14
1,2017-02-14,2017,2000-02-14
1,2017-02-14,2017,2000-02-14
1,2017-02-14,2017,2000-02-14
1,2017-02-14,2017,2000-02-14
1,2017-02-14,2017,2000-02-14
1,2017-02-14,2017,2000-02-14
1,2017-02-14,2017,2000-02-14
1,2017-02-14,2017,2000-02-14
1,2017-02-02,2017,2000-02-02
1,2017-02-02,2017,2000-02-02
1,2017-02-02,2017,2000-02-02
1,2017-02-02,2017,2000-02-02
1,2017-02-02,2017,2000-02-02
1,2017-02-02,2017,2000-02-02
1,2017-02-02,2017,2000-02-02
1,2017-02-02,2017,2000-02-02
1,2017-01-31,2017,2000-01-31
1,2017-01-31,2017,2000-01-31
1,2017-01-31,2017,2000-01-31
1,2017-01-31,2017,2000-01-31
1,2017-01-31,2017,2000-01-31
1,2017-01-31,2017,2000-01-31
1,2017-01-31,2017,2000-01-31
1,2017-01-31,2017,2000-01-31
1,2017-01-31,2017,2000-01-31
1,2017-01-31,2017,2000-01-31
1,2017-01-31,2017,2000-01-31
1,2017-01-31,2017,2000-01-31
1,2017-01-31,2017,2000-01-31
1,2017-01-31,2017,2000-01-31
1,2017-01-31,2017,2000-01-31
1,2017-01-31,2017,2000-01-31
1,2017-01-31,2017,2000-01-31
1,2017-01-31,2017,2000-01-31
1,2017-01-31,2017,2000-01-31
1,2017-01-31,2017,2000-01-31
1,2017-01-31,2017,2000-01-31
1,2017-01-31,2017,2000-01-31
1,2017-01-31,2017,2000-01-31
1,2017-01-31,2017,2000-01-31
1,2017-01-31,2017,2000-01-31
1,2017-01-31,2017,2000-01-31
1,2017-01-31,2017,2000-01-31
1,2017-01-31,2017,2000-01-31
1,2017-01-31,2017,2000-01-31
1,2017-01-31,2017,2000-01-31
1,2017-01-31,2017,2000-01-31
1,2017-01-31,2017,2000-01-31
1,2017-01-31,2017,2000-01-31
1,2017-01-31,2017,2000-01-31
1,2017-01-31,2017,2000-01-31
1,2017-01-31,2017,2000-01-31
1,2017-01-31,2017,2000-01-31
1,2017-01-31,2017,2000-01-31
1,2017-01-31,2017,2000-01-31
1,2017-01-31,2017,2000-01-31
1,2017-01-31,2017,2000-01-31
1,2017-01-31,2017,2000-01-31
1,2017-01-31,2017,2000-01-31
1,2017-01-31,2017,2000-01-31
1,2017-01-31,2017,2000-01-31
1,2017-01-31,2017,2000-01-31
1,2017-01-31,2017,2000-01-31
1,2017-01-31,2017,2000-01-31
1,2017-01-31,2017,2000-01-31
1,2017-01-31,2017,2000-01-31
1,2017-01-30,2017,2000-01-30
1,2017-01-30,2017,2000-01-30
1,2017-01-30,2017,2000-01-30
1,2017-01-30,2017,2000-01-30
1,2017-01-30,2017,2000-01-30
1,2017-01-30,2017,2000-01-30
1,2017-01-30,2017,2000-01-30
1,2017-01-30,2017,2000-01-30
1,2017-01-30,2017,2000-01-30
1,2017-01-30,2017,2000-01-30
1,2017-01-30,2017,2000-01-30
1,2017-01-30,2017,2000-01-30
1,2017-01-30,2017,2000-01-30
1,2017-01-30,2017,2000-01-30
1,2017-01-30,2017,2000-01-30
1,2017-01-30,2017,2000-01-30
1,2017-01-30,2017,2000-01-30
1,2017-01-30,2017,2000-01-30
1,2017-01-30,2017,2000-01-30
1,2017-01-30,2017,2000-01-30
1,2017-01-30,2017,2000-01-30
1,2017-01-30,2017,2000-01-30
1,2017-01-30,2017,2000-01-30
1,2017-01-30,2017,2000-01-30
1,2017-01-30,2017,2000-01-30
1,2017-01-27,2017,2000-01-27
1,2017-01-27,2017,2000-01-27
1,2017-01-27,2017,2000-01-27
1,2017-01-27,2017,2000-01-27
1,2017-01-27,2017,2000-01-27
1,2017-01-27,2017,2000-01-27
1,2017-01-27,2017,2000-01-27
1,2017-01-24,2017,2000-01-24
1,2017-01-24,2017,2000-01-24
1,2017-01-24,2017,2000-01-24
1,2017-01-24,2017,2000-01-24
1,2017-01-24,2017,2000-01-24
1,2017-01-24,2017,2000-01-24
1,2017-01-24,2017,2000-01-24
1,2017-01-24,2017,2000-01-24
1,2017-01-24,2017,2000-01-24
1,2017-01-24,2017,2000-01-24
1,2017-01-24,2017,2000-01-24
1,2017-01-24,2017,2000-01-24
1,2017-01-24,2017,2000-01-24
1,2017-01-24,2017,2000-01-24
1,2017-01-24,2017,2000-01-24
1,2017-01-24,2017,2000-01-24
1,2017-01-24,2017,2000-01-24
1,2017-01-24,2017,2000-01-24
1,2017-01-24,2017,2000-01-24
1,2017-01-24,2017,2000-01-24
1,2017-01-24,2017,2000-01-24
1,2017-01-24,2017,2000-01-24
1,2017-01-24,2017,2000-01-24
1,2017-01-24,2017,2000-01-24
1,2017-01-24,2017,2000-01-24
1,2017-01-20,2017,2000-01-20
1,2017-01-20,2017,2000-01-20
1,2017-01-20,2017,2000-01-20
1,2017-01-20,2017,2000-01-20
1,2017-01-19,2017,2000-01-19
1,2017-01-19,2017,2000-01-19
1,2017-01-19,2017,2000-01-19
1,2017-01-19,2017,2000-01-19
1,2017-01-18,2017,2000-01-18
1,2017-01-18,2017,2000-01-18
1,2017-01-18,2017,2000-01-18
1,2017-01-18,2017,2000-01-18
1,2017-01-18,2017,2000-01-18
1,2017-01-18,2017,2000-01-18
1,2017-01-18,2017,2000-01-18
1,2017-01-18,2017,2000-01-18
1,2017-01-18,2017,2000-01-18
1,2017-01-18,2017,2000-01-18
1,2017-01-18,2017,2000-01-18
1,2017-01-18,2017,2000-01-18
1,2017-01-18,2017,2000-01-18
1,2017-01-18,2017,2000-01-18
1,2017-01-18,2017,2000-01-18
1,2017-01-18,2017,2000-01-18
1,2017-01-18,2017,2000-01-18
1,2017-01-18,2017,2000-01-18
1,2017-01-18,2017,2000-01-18
1,2017-01-18,2017,2000-01-18
1,2017-01-13,2017,2000-01-13
1,2017-01-13,2017,2000-01-13
1,2017-01-13,2017,2000-01-13
1,2017-01-13,2017,2000-01-13
1,2017-01-13,2017,2000-01-13
1,2017-10-01,2017,2000-10-01
1,2017-10-01,2017,2000-10-01
1,2017-10-01,2017,2000-10-01
1,2017-10-01,2017,2000-10-01
1,2017-10-01,2017,2000-10-01
1,2017-10-01,2017,2000-10-01
1,2017-10-01,2017,2000-10-01
1,2017-10-01,2017,2000-10-01
1,2017-10-01,2017,2000-10-01
1,2017-10-01,2017,2000-10-01
1,2017-10-01,2017,2000-10-01
1,2017-10-01,2017,2000-10-01
1,2017-10-01,2017,2000-10-01
1,2017-10-01,2017,2000-10-01
1,2017-10-01,2017,2000-10-01
1,2017-10-01,2017,2000-10-01
1,2017-10-01,2017,2000-10-01
1,2017-10-01,2017,2000-10-01
1,2017-10-01,2017,2000-10-01
1,2017-10-01,2017,2000-10-01
1,2017-10-01,2017,2000-10-01
1,2017-10-01,2017,2000-10-01
1,2017-10-01,2017,2000-10-01
1,2017-10-01,2017,2000-10-01
1,2017-10-01,2017,2000-10-01
1,2017-10-01,2017,2000-10-01
1,2017-10-01,2017,2000-10-01
1,2017-10-01,2017,2000-10-01
1,2017-10-01,2017,2000-10-01
1,2017-10-01,2017,2000-10-01
1,2017-10-01,2017,2000-10-01
1,2017-10-01,2017,2000-10-01
1,2017-10-01,2017,2000-10-01
1,2017-10-01,2017,2000-10-01
1,2017-10-01,2017,2000-10-01
1,2017-10-01,2017,2000-10-01
1,2017-10-01,2017,2000-10-01
1,2017-10-01,2017,2000-10-01
1,2017-10-01,2017,2000-10-01
1,2017-10-01,2017,2000-10-01
1,2017-10-01,2017,2000-10-01
1,2017-10-01,2017,2000-10-01
1,2017-10-01,2017,2000-10-01
1,2017-09-01,2017,2000-09-01
1,2017-09-01,2017,2000-09-01
1,2017-09-01,2017,2000-09-01
1,2017-09-01,2017,2000-09-01
1,2017-09-01,2017,2000-09-01
1,2017-09-01,2017,2000-09-01
1,2017-09-01,2017,2000-09-01
1,2017-09-01,2017,2000-09-01
1,2017-09-01,2017,2000-09-01
1,2017-09-01,2017,2000-09-01
1,2017-09-01,2017,2000-09-01
1,2017-09-01,2017,2000-09-01
